Dataset,N,Beta,Alpha,Loss,Num_Seeds,RF Acc_mean,RF Acc_std,MMD_mean,MMD_std,MAE x3_mean,MAE x3_std
3-chain-linear,50,0.0,1.0,mse,10,0.55,0.03727,0.02275,0.00497,0.7766,0.0161
3-chain-linear,50,0.1,0.9,hybrid,10,0.555,0.03689,0.02268,0.00496,0.77624,0.01507
3-chain-linear,50,0.2,0.8,hybrid,10,0.5475,0.04322,0.02263,0.00496,0.77586,0.0144
3-chain-linear,50,0.3,0.7,hybrid,10,0.5475,0.03988,0.02253,0.00497,0.77549,0.0136
3-chain-linear,50,0.4,0.6,hybrid,10,0.545,0.04216,0.02255,0.00502,0.77585,0.01275
3-chain-linear,50,0.5,0.5,hybrid,10,0.55,0.04249,0.02249,0.00505,0.7752,0.01197
3-chain-linear,50,0.6,0.4,hybrid,10,0.545,0.04216,0.02242,0.00511,0.77466,0.01129
3-chain-linear,50,0.7,0.3,hybrid,10,0.5525,0.03988,0.02242,0.00509,0.77435,0.01267
3-chain-linear,50,0.8,0.2,hybrid,10,0.5525,0.03426,0.02234,0.00509,0.77358,0.01173
3-chain-linear,100,0.0,1.0,mse,10,0.565,0.02934,0.02298,0.0085,0.78605,0.02861
3-chain-linear,100,0.1,0.9,hybrid,10,0.585,0.05297,0.02452,0.01242,0.79069,0.04248
3-chain-linear,100,0.2,0.8,hybrid,10,0.565,0.03764,0.02056,0.00275,0.77729,0.00901
3-chain-linear,100,0.3,0.7,hybrid,10,0.565,0.03764,0.02032,0.00302,0.77639,0.0092
3-chain-linear,100,0.4,0.6,hybrid,10,0.5675,0.03736,0.02023,0.00324,0.77649,0.00942
3-chain-linear,100,0.5,0.5,hybrid,10,0.5475,0.0478,0.02016,0.00323,0.777,0.00922
3-chain-linear,100,0.6,0.4,hybrid,10,0.545,0.04048,0.02011,0.00322,0.77785,0.01065
3-chain-linear,100,0.7,0.3,hybrid,10,0.54,0.04282,0.01996,0.00316,0.77736,0.01028
3-chain-linear,100,0.8,0.2,hybrid,10,0.5575,0.03736,0.02008,0.00347,0.7771,0.01182
3-chain-non-linear,50,0.0,1.0,mse,10,0.985,0.01748,0.05972,0.01576,0.11008,0.06784
3-chain-non-linear,50,0.1,0.9,hybrid,10,0.9925,0.01208,0.05697,0.01669,0.10526,0.07945
3-chain-non-linear,50,0.2,0.8,hybrid,10,0.9925,0.01208,0.05362,0.01574,0.0911,0.08615
3-chain-non-linear,50,0.3,0.7,hybrid,10,0.9925,0.01208,0.0531,0.01527,0.08829,0.09428
3-chain-non-linear,50,0.4,0.6,hybrid,10,0.9925,0.01208,0.05454,0.01505,0.1285,0.11789
3-chain-non-linear,50,0.5,0.5,hybrid,10,0.9875,0.01768,0.05984,0.02538,0.15628,0.1641
3-chain-non-linear,50,0.6,0.4,hybrid,10,0.9875,0.01768,0.06678,0.03307,0.14856,0.15684
3-chain-non-linear,50,0.7,0.3,hybrid,10,0.99,0.01748,0.07905,0.03809,0.19676,0.20972
3-chain-non-linear,50,0.8,0.2,hybrid,10,0.9975,0.00791,0.08559,0.04371,0.27492,0.2797
3-chain-non-linear,100,0.0,1.0,mse,10,0.985,0.01748,0.05322,0.01141,0.08956,0.0498
3-chain-non-linear,100,0.1,0.9,hybrid,10,0.9875,0.01768,0.05103,0.01225,0.06431,0.06017
3-chain-non-linear,100,0.2,0.8,hybrid,10,0.9825,0.01687,0.04899,0.00825,0.05997,0.03714
3-chain-non-linear,100,0.3,0.7,hybrid,10,0.9825,0.01208,0.05174,0.00805,0.08104,0.05343
3-chain-non-linear,100,0.4,0.6,hybrid,10,0.99,0.01291,0.05529,0.01043,0.10855,0.04672
3-chain-non-linear,100,0.5,0.5,hybrid,10,0.985,0.01748,0.06134,0.02106,0.1156,0.06892
3-chain-non-linear,100,0.6,0.4,hybrid,10,0.99,0.01748,0.07108,0.03322,0.16895,0.13565
3-chain-non-linear,100,0.7,0.3,hybrid,10,0.9875,0.01768,0.0837,0.03604,0.1902,0.12173
3-chain-non-linear,100,0.8,0.2,hybrid,10,0.985,0.01291,0.09353,0.04463,0.23773,0.17197
4-chain-linear,50,0.0,1.0,mse,10,1.0,0.0,0.14085,0.01174,0.02834,0.01844
4-chain-linear,50,0.1,0.9,hybrid,10,0.995,0.01581,0.14531,0.00704,0.03659,0.03017
4-chain-linear,50,0.2,0.8,hybrid,10,0.995,0.01581,0.14768,0.00842,0.0373,0.03064
4-chain-linear,50,0.3,0.7,hybrid,10,1.0,0.0,0.15054,0.01067,0.03908,0.01451
4-chain-linear,50,0.4,0.6,hybrid,10,0.9975,0.00791,0.15106,0.00967,0.03533,0.01426
4-chain-linear,50,0.5,0.5,hybrid,10,1.0,0.0,0.15181,0.01028,0.03738,0.01298
4-chain-linear,50,0.6,0.4,hybrid,10,1.0,0.0,0.15189,0.00999,0.03164,0.01699
4-chain-linear,50,0.7,0.3,hybrid,10,1.0,0.0,0.15363,0.00988,0.03322,0.01559
4-chain-linear,50,0.8,0.2,hybrid,10,1.0,0.0,0.15454,0.01118,0.03583,0.02218
4-chain-linear,100,0.0,1.0,mse,10,1.0,0.0,0.16981,0.10348,0.0561,0.03095
4-chain-linear,100,0.1,0.9,hybrid,10,1.0,0.0,0.17273,0.10203,0.05551,0.0319
4-chain-linear,100,0.2,0.8,hybrid,10,1.0,0.0,0.17318,0.10159,0.05407,0.03367
4-chain-linear,100,0.3,0.7,hybrid,10,1.0,0.0,0.17311,0.10148,0.05291,0.0366
4-chain-linear,100,0.4,0.6,hybrid,10,1.0,0.0,0.17336,0.10149,0.05212,0.03899
4-chain-linear,100,0.5,0.5,hybrid,10,0.9975,0.00791,0.17441,0.1013,0.04883,0.04254
4-chain-linear,100,0.6,0.4,hybrid,10,1.0,0.0,0.17506,0.10105,0.05679,0.0462
4-chain-linear,100,0.7,0.3,hybrid,10,1.0,0.0,0.17549,0.10075,0.0618,0.05008
4-chain-linear,100,0.8,0.2,hybrid,10,1.0,0.0,0.17653,0.1005,0.0593,0.04183
5-chain-linear,50,0.0,1.0,mse,10,0.625,0.04714,0.03034,0.00755,0.7766,0.0161
5-chain-linear,50,0.1,0.9,hybrid,10,0.6275,0.05584,0.02974,0.00714,0.77624,0.01507
5-chain-linear,50,0.2,0.8,hybrid,10,0.605,0.04216,0.02821,0.00693,0.77586,0.0144
5-chain-linear,50,0.3,0.7,hybrid,10,0.6075,0.0578,0.02838,0.00621,0.77549,0.0136
5-chain-linear,50,0.4,0.6,hybrid,10,0.605,0.0483,0.02738,0.00674,0.77585,0.01275
5-chain-linear,50,0.5,0.5,hybrid,10,0.595,0.0483,0.02734,0.00664,0.7752,0.01197
5-chain-linear,50,0.6,0.4,hybrid,10,0.5975,0.06609,0.02656,0.00606,0.77466,0.01129
5-chain-linear,50,0.7,0.3,hybrid,10,0.59,0.05676,0.02537,0.00488,0.77435,0.01267
5-chain-linear,50,0.8,0.2,hybrid,10,0.6125,0.04449,0.02476,0.00466,0.77358,0.01173
5-chain-linear,100,0.0,1.0,mse,10,0.57,0.04216,0.02271,0.00618,0.78605,0.02861
5-chain-linear,100,0.1,0.9,hybrid,10,0.57,0.04684,0.02309,0.00901,0.79069,0.04248
5-chain-linear,100,0.2,0.8,hybrid,10,0.565,0.05164,0.02029,0.0035,0.77729,0.00901
5-chain-linear,100,0.3,0.7,hybrid,10,0.5675,0.05144,0.01974,0.0039,0.77639,0.0092
5-chain-linear,100,0.4,0.6,hybrid,10,0.56,0.02415,0.01991,0.0033,0.77649,0.00942
5-chain-linear,100,0.5,0.5,hybrid,10,0.5575,0.03545,0.01987,0.00318,0.777,0.00922
5-chain-linear,100,0.6,0.4,hybrid,10,0.575,0.04249,0.01958,0.00324,0.77785,0.01065
5-chain-linear,100,0.7,0.3,hybrid,10,0.565,0.03764,0.01962,0.00312,0.77736,0.01028
5-chain-linear,100,0.8,0.2,hybrid,10,0.5575,0.03344,0.01919,0.004,0.7771,0.01182
collider-linear,50,0.0,1.0,mse,10,0.7225,0.05329,0.05622,0.01096,0.40618,0.09143
collider-linear,50,0.1,0.9,hybrid,10,0.7275,0.06396,0.05755,0.01071,0.42495,0.08954
collider-linear,50,0.2,0.8,hybrid,10,0.7225,0.06713,0.05538,0.01024,0.40897,0.08191
collider-linear,50,0.3,0.7,hybrid,10,0.7275,0.06175,0.0567,0.01057,0.42569,0.10285
collider-linear,50,0.4,0.6,hybrid,10,0.745,0.06101,0.05584,0.01254,0.42545,0.09232
collider-linear,50,0.5,0.5,hybrid,10,0.75,0.05893,0.05534,0.01233,0.44629,0.0815
collider-linear,50,0.6,0.4,hybrid,10,0.7375,0.06038,0.05915,0.01907,0.43557,0.09534
collider-linear,50,0.7,0.3,hybrid,10,0.76,0.05028,0.05896,0.01504,0.44953,0.08718
collider-linear,50,0.8,0.2,hybrid,10,0.7725,0.05062,0.05912,0.01494,0.46452,0.06736
collider-linear,100,0.0,1.0,mse,10,0.705,0.05749,0.05857,0.01465,0.3982,0.07855
collider-linear,100,0.1,0.9,hybrid,10,0.705,0.0654,0.05756,0.01588,0.40241,0.07669
collider-linear,100,0.2,0.8,hybrid,10,0.7325,0.03344,0.05532,0.0135,0.39519,0.07811
collider-linear,100,0.3,0.7,hybrid,10,0.71,0.04282,0.05468,0.01275,0.38368,0.08129
collider-linear,100,0.4,0.6,hybrid,10,0.7225,0.05329,0.05401,0.01261,0.38299,0.08057
collider-linear,100,0.5,0.5,hybrid,10,0.7425,0.05277,0.05345,0.01136,0.39474,0.07328
collider-linear,100,0.6,0.4,hybrid,10,0.7325,0.04866,0.05358,0.01355,0.39154,0.07864
collider-linear,100,0.7,0.3,hybrid,10,0.72,0.04684,0.0525,0.01111,0.38694,0.07188
collider-linear,100,0.8,0.2,hybrid,10,0.73,0.02838,0.05478,0.01187,0.3883,0.06916
fork-linear,50,0.0,1.0,mse,10,0.7,0.06972,0.06276,0.01846,0.35885,0.15173
fork-linear,50,0.1,0.9,hybrid,10,0.6775,0.06917,0.05782,0.01803,0.35413,0.15608
fork-linear,50,0.2,0.8,hybrid,10,0.6975,0.08118,0.05846,0.01863,0.32567,0.10854
fork-linear,50,0.3,0.7,hybrid,10,0.685,0.09144,0.05793,0.02232,0.31703,0.09633
fork-linear,50,0.4,0.6,hybrid,10,0.6825,0.09864,0.05936,0.0206,0.36329,0.13513
fork-linear,50,0.5,0.5,hybrid,10,0.705,0.08882,0.05928,0.0199,0.34777,0.13768
fork-linear,50,0.6,0.4,hybrid,10,0.7125,0.09446,0.05834,0.02479,0.35883,0.1324
fork-linear,50,0.7,0.3,hybrid,10,0.72,0.10724,0.06943,0.04077,0.4156,0.17089
fork-linear,50,0.8,0.2,hybrid,10,0.745,0.11595,0.05755,0.01898,0.40373,0.1714
fork-linear,100,0.0,1.0,mse,10,0.6725,0.07212,0.05112,0.02003,0.2432,0.05038
fork-linear,100,0.1,0.9,hybrid,10,0.66,0.07379,0.05226,0.02075,0.26007,0.04887
fork-linear,100,0.2,0.8,hybrid,10,0.6675,0.06242,0.05181,0.0165,0.27242,0.05303
fork-linear,100,0.3,0.7,hybrid,10,0.6725,0.06917,0.05214,0.01627,0.27022,0.05345
fork-linear,100,0.4,0.6,hybrid,10,0.6825,0.07997,0.04839,0.01729,0.27088,0.05556
fork-linear,100,0.5,0.5,hybrid,10,0.6975,0.06713,0.0493,0.01949,0.26959,0.05417
fork-linear,100,0.6,0.4,hybrid,10,0.6725,0.09087,0.04819,0.01746,0.2677,0.03809
fork-linear,100,0.7,0.3,hybrid,10,0.6825,0.07076,0.04788,0.01779,0.28378,0.05198
fork-linear,100,0.8,0.2,hybrid,10,0.7,0.07906,0.04972,0.01855,0.27624,0.06149
fork-non-linear,50,0.0,1.0,mse,10,0.87,0.07619,0.13732,0.04119,0.56054,0.37218
fork-non-linear,50,0.1,0.9,hybrid,10,0.8325,0.06775,0.12785,0.04448,0.60869,0.46889
fork-non-linear,50,0.2,0.8,hybrid,10,0.845,0.07528,0.12181,0.05366,0.60439,0.35062
fork-non-linear,50,0.3,0.7,hybrid,10,0.865,0.06892,0.13418,0.05425,0.61265,0.28824
fork-non-linear,50,0.4,0.6,hybrid,10,0.8575,0.08254,0.13023,0.0535,0.57977,0.35111
fork-non-linear,50,0.5,0.5,hybrid,10,0.875,0.06009,0.14992,0.06404,0.63593,0.38639
fork-non-linear,50,0.6,0.4,hybrid,10,0.865,0.09589,0.1358,0.06291,0.54339,0.24582
fork-non-linear,50,0.7,0.3,hybrid,10,0.875,0.09129,0.14459,0.07203,0.63329,0.41109
fork-non-linear,50,0.8,0.2,hybrid,10,0.915,0.05164,0.15981,0.06961,0.83496,0.73448
fork-non-linear,100,0.0,1.0,mse,10,0.87,0.08803,0.13511,0.05661,0.47077,0.15366
fork-non-linear,100,0.1,0.9,hybrid,10,0.8775,0.08118,0.13082,0.05456,0.44311,0.14537
fork-non-linear,100,0.2,0.8,hybrid,10,0.855,0.08062,0.12393,0.05703,0.45707,0.15705
fork-non-linear,100,0.3,0.7,hybrid,10,0.8425,0.09358,0.12669,0.05547,0.45578,0.1507
fork-non-linear,100,0.4,0.6,hybrid,10,0.8825,0.06352,0.14008,0.05071,0.50898,0.18701
fork-non-linear,100,0.5,0.5,hybrid,10,0.8775,0.07308,0.14035,0.05886,0.48998,0.17459
fork-non-linear,100,0.6,0.4,hybrid,10,0.87,0.05869,0.14555,0.06979,0.51685,0.17202
fork-non-linear,100,0.7,0.3,hybrid,10,0.8825,0.06129,0.13361,0.05843,0.51121,0.19663
fork-non-linear,100,0.8,0.2,hybrid,10,0.8675,0.06877,0.13237,0.05933,0.52932,0.22768
simpson-non-linear,50,0.0,1.0,mse,10,0.6875,0.05303,0.06966,0.0215,0.75607,0.2253
simpson-non-linear,50,0.1,0.9,hybrid,10,0.7075,0.03344,0.06481,0.01105,0.73864,0.2044
simpson-non-linear,50,0.2,0.8,hybrid,10,0.71,0.03944,0.06853,0.01934,0.73866,0.19029
simpson-non-linear,50,0.3,0.7,hybrid,10,0.705,0.04684,0.06229,0.00924,0.71838,0.20286
simpson-non-linear,50,0.4,0.6,hybrid,10,0.7,0.0527,0.0585,0.00981,0.67967,0.22011
simpson-non-linear,50,0.5,0.5,hybrid,10,0.7025,0.05945,0.05911,0.01161,0.69926,0.23808
simpson-non-linear,50,0.6,0.4,hybrid,10,0.705,0.04534,0.06226,0.01162,0.75118,0.2099
simpson-non-linear,50,0.7,0.3,hybrid,10,0.6925,0.04257,0.06531,0.01031,0.81006,0.1429
simpson-non-linear,50,0.8,0.2,hybrid,10,0.7,0.0441,0.0605,0.01194,0.82261,0.23276
simpson-non-linear,100,0.0,1.0,mse,10,0.655,0.0511,0.05525,0.01104,0.55147,0.14362
simpson-non-linear,100,0.1,0.9,hybrid,10,0.65,0.05774,0.0538,0.00971,0.55977,0.15864
simpson-non-linear,100,0.2,0.8,hybrid,10,0.6725,0.04923,0.05195,0.01256,0.57013,0.18526
simpson-non-linear,100,0.3,0.7,hybrid,10,0.6775,0.04632,0.05409,0.01187,0.59344,0.14243
simpson-non-linear,100,0.4,0.6,hybrid,10,0.6725,0.05584,0.05374,0.00929,0.57782,0.15405
simpson-non-linear,100,0.5,0.5,hybrid,10,0.655,0.06952,0.05143,0.00932,0.57694,0.17538
simpson-non-linear,100,0.6,0.4,hybrid,10,0.655,0.06325,0.05139,0.01208,0.72521,0.52769
simpson-non-linear,100,0.7,0.3,hybrid,10,0.6875,0.05035,0.05343,0.01125,0.63728,0.21422
simpson-non-linear,100,0.8,0.2,hybrid,10,0.7025,0.04632,0.0576,0.00973,0.70061,0.20226
simpson-symprod,50,0.0,1.0,mse,10,0.765,0.06791,0.07628,0.02016,0.88116,0.3678
simpson-symprod,50,0.1,0.9,hybrid,10,0.7525,0.06503,0.06847,0.02276,0.8955,0.4397
simpson-symprod,50,0.2,0.8,hybrid,10,0.7425,0.04091,0.07154,0.02108,0.90017,0.402
simpson-symprod,50,0.3,0.7,hybrid,10,0.74,0.07472,0.07002,0.02144,0.78708,0.18369
simpson-symprod,50,0.4,0.6,hybrid,10,0.75,0.06562,0.07288,0.02326,0.7497,0.07529
simpson-symprod,50,0.5,0.5,hybrid,10,0.79,0.04441,0.07716,0.02339,0.76402,0.06434
simpson-symprod,50,0.6,0.4,hybrid,10,0.795,0.05503,0.08318,0.02166,0.7724,0.06293
simpson-symprod,50,0.7,0.3,hybrid,10,0.8025,0.05827,0.08754,0.01938,0.81539,0.11662
simpson-symprod,50,0.8,0.2,hybrid,10,0.8025,0.06816,0.09033,0.02096,0.84166,0.14827
simpson-symprod,100,0.0,1.0,mse,10,0.7575,0.07458,0.0685,0.0187,0.75764,0.13816
simpson-symprod,100,0.1,0.9,hybrid,10,0.7625,0.06997,0.06807,0.01835,0.72325,0.07079
simpson-symprod,100,0.2,0.8,hybrid,10,0.765,0.06368,0.06933,0.01725,0.72111,0.06347
simpson-symprod,100,0.3,0.7,hybrid,10,0.77,0.06101,0.07052,0.01619,0.71807,0.05207
simpson-symprod,100,0.4,0.6,hybrid,10,0.77,0.06433,0.06785,0.01927,0.72225,0.06293
simpson-symprod,100,0.5,0.5,hybrid,10,0.7475,0.06609,0.07018,0.02044,0.7387,0.09847
simpson-symprod,100,0.6,0.4,hybrid,10,0.7775,0.02486,0.07608,0.01992,1.06548,0.99873
simpson-symprod,100,0.7,0.3,hybrid,10,0.7575,0.05144,0.07125,0.02053,0.71571,0.06799
simpson-symprod,100,0.8,0.2,hybrid,10,0.78,0.03873,0.07267,0.01979,0.72393,0.06403
triangle-linear,50,0.0,1.0,mse,10,0.68,0.06214,0.05649,0.01165,0.96061,0.81942
triangle-linear,50,0.1,0.9,hybrid,10,0.665,0.07091,0.05686,0.01127,1.09564,0.92226
triangle-linear,50,0.2,0.8,hybrid,10,0.6825,0.06567,0.05985,0.01581,1.1738,1.31686
triangle-linear,50,0.3,0.7,hybrid,10,0.66,0.04888,0.05869,0.01439,1.0413,0.84151
triangle-linear,50,0.4,0.6,hybrid,10,0.685,0.06791,0.05785,0.01443,1.04927,0.84474
triangle-linear,50,0.5,0.5,hybrid,10,0.695,0.04534,0.05668,0.01415,1.03364,0.77177
triangle-linear,50,0.6,0.4,hybrid,10,0.6675,0.05534,0.05865,0.01776,0.91107,0.68403
triangle-linear,50,0.7,0.3,hybrid,10,0.68,0.04684,0.05728,0.01089,0.83056,0.48584
triangle-linear,50,0.8,0.2,hybrid,10,0.6775,0.05458,0.0577,0.01163,1.06245,1.1985
triangle-linear,100,0.0,1.0,mse,10,0.675,0.03909,0.0537,0.01289,0.56581,0.20869
triangle-linear,100,0.1,0.9,hybrid,10,0.6725,0.03623,0.05334,0.01287,0.58316,0.22771
triangle-linear,100,0.2,0.8,hybrid,10,0.68,0.02297,0.05528,0.01259,0.58499,0.21615
triangle-linear,100,0.3,0.7,hybrid,10,0.66,0.04888,0.05614,0.01305,0.5634,0.15089
triangle-linear,100,0.4,0.6,hybrid,10,0.67,0.03496,0.05747,0.0127,0.5113,0.06829
triangle-linear,100,0.5,0.5,hybrid,10,0.665,0.03162,0.05804,0.01179,0.51733,0.06227
triangle-linear,100,0.6,0.4,hybrid,10,0.66,0.03944,0.05695,0.01224,0.53408,0.08564
triangle-linear,100,0.7,0.3,hybrid,10,0.6825,0.02058,0.05954,0.01241,0.53743,0.06133
triangle-linear,100,0.8,0.2,hybrid,10,0.6925,0.03129,0.06135,0.00974,0.57161,0.06768
triangle-non-linear,50,0.0,1.0,mse,10,0.7925,0.07173,0.09156,0.04802,1.30986,1.23745
triangle-non-linear,50,0.1,0.9,hybrid,10,0.79,0.09733,0.08674,0.06653,1.64615,2.28604
triangle-non-linear,50,0.2,0.8,hybrid,10,0.77,0.09413,0.08016,0.04783,0.95815,0.50532
triangle-non-linear,50,0.3,0.7,hybrid,10,0.785,0.07835,0.08047,0.04694,0.82803,0.45502
triangle-non-linear,50,0.4,0.6,hybrid,10,0.7825,0.08744,0.08501,0.04453,0.66311,0.23061
triangle-non-linear,50,0.5,0.5,hybrid,10,0.7725,0.07308,0.08544,0.05509,0.64391,0.20036
triangle-non-linear,50,0.6,0.4,hybrid,10,0.8025,0.08616,0.08966,0.0613,0.73836,0.25222
triangle-non-linear,50,0.7,0.3,hybrid,10,0.7825,0.10073,0.0831,0.06434,0.78428,0.28479
triangle-non-linear,50,0.8,0.2,hybrid,10,0.78,0.08724,0.08547,0.05843,0.75267,0.21293
triangle-non-linear,100,0.0,1.0,mse,10,0.73,0.06749,0.05272,0.02158,0.82316,0.33253
triangle-non-linear,100,0.1,0.9,hybrid,10,0.7375,0.0784,0.05438,0.0203,0.97729,0.87667
triangle-non-linear,100,0.2,0.8,hybrid,10,0.76,0.06258,0.05601,0.02234,1.08219,0.8803
triangle-non-linear,100,0.3,0.7,hybrid,10,0.7675,0.06242,0.05715,0.0225,1.3158,1.41816
triangle-non-linear,100,0.4,0.6,hybrid,10,0.7525,0.08776,0.05735,0.02187,1.21928,1.23377
triangle-non-linear,100,0.5,0.5,hybrid,10,0.7675,0.06877,0.05955,0.02113,1.21785,1.3412
triangle-non-linear,100,0.6,0.4,hybrid,10,0.755,0.06433,0.05598,0.02202,1.17435,1.26258
triangle-non-linear,100,0.7,0.3,hybrid,10,0.7725,0.06503,0.05465,0.02218,0.99099,0.67934
triangle-non-linear,100,0.8,0.2,hybrid,10,0.785,0.05426,0.05118,0.02279,0.84547,0.18914
