plcg,PKC,PIP3,PKA,PIP2,pjnk,praf,P38,pmek,p44/42,pakts473
0.48249892386672316,-0.8173366470464818,0.6720609331405293,0.6323117491886106,0.3304843168570652,0.2885940048832001,0.3444549242755068,-0.5389176556784504,-0.44819108343604486,-0.014411100032458768,-0.31340487090862024
-0.14140042430206073,-0.5592715210627827,-0.9016068268099455,-0.04372524908152986,-0.37790092053075436,-0.3727256056857235,-0.25720852703557306,-1.0159584641220905,-0.07894116446374705,0.7284794700170687,-0.025158055226247256
0.6308391074226791,0.695922203262309,0.8015798053630941,-0.514148646107185,0.3831949013041316,-0.5107356985247371,0.6081630143900266,-1.008615548331107,-0.4303666645272771,0.26740740786079864,-0.4511608246799892
1.4909074677268501,0.5644739053489127,1.1713248856154923,0.43915430467245287,0.6922580921981856,-0.09704654045708432,0.26400318316849064,-0.17259998923398312,0.19786527038847257,1.3992574213794815,1.1070897413496057
-0.23561642500514782,-0.0415558016859382,-0.01416657321067144,0.07795090135555906,-0.1538174637923284,-0.08512719382205022,-0.45175176845351045,-1.2728152524666436,0.7856379438416853,0.9289648070876988,0.4577911550845559
-0.23560029368836616,0.09114592634670167,1.041841668365724,-0.17345163247313133,-0.07397051885756431,-0.3281658912724163,-0.2896497802976418,0.38933190553624575,0.49895308580416364,1.0914906451900335,-0.7031168627432044
1.5461101463837517,1.205085970214028,-0.37749854196834953,-1.7208010465306536,0.16483728775835574,-0.7066556515906963,1.897728091285002,-0.968395006996967,-2.41947921809191,-3.2999180757216466,-1.6633219813920666
0.7484959665666111,-0.5894066894631029,-0.6959405284811973,0.7980628190840778,-0.027636124677886648,0.2840456740294808,0.041063800886816104,-0.4915114561598768,0.15064327895560842,0.4172820083494254,0.2207611647976705
-0.4668315544923111,0.5037310622416572,-1.8051954093848614,0.004651816804370046,-0.9338445754956777,-0.14280332403755072,0.11797489469172079,-0.8211993603350491,0.4286808617641342,0.210893006523849,0.5690024543801604
0.5275448952022725,-0.21559772263786964,1.221554367031392,1.4844332500219568,0.8543061009204425,0.7281709526268874,0.39212476106872507,-0.912576207765843,-0.5972267308040339,-0.12497733642682807,0.8282561669615816
-0.46088053856997524,-0.23046694539814117,-0.043674304976540734,-0.30198966377575037,-0.6810194137725865,-0.4505603692757803,-0.23804309083282932,-0.774610894288915,0.14717528323139434,-0.8525405186704509,-0.256881606586705
-0.4631522584845856,1.0333509765452926,-0.5581847888928557,-0.5093387609962792,-0.592544568039202,-0.4012926317854183,1.2285820608007794,-0.6397256694126562,0.1224781567389866,0.6633337044906682,0.5034836927972953
0.2321919540293334,0.7709211167610074,0.21344636826910302,-0.38516530699550433,-0.09518291224358344,-0.4377777330295424,1.239411417527343,-0.5296424401062947,-0.5117590103935048,-0.8365315942312253,-0.834729846982597
-1.8854458841695114,0.7594905077831535,-3.0249780489263185,0.5785799233069457,-0.54232467215066,-0.42578433884643135,1.116766669828562,-1.4531836165699987,-0.062134180628036884,-0.8502054192669173,-0.25139204500929746
-1.7003700199688376,1.231787709418207,-0.21035462074876543,-0.8189683928277801,-0.6067238850373475,-0.4924118634884659,1.4791354265815257,-0.09281039323240114,-0.44776214604160813,-1.3788355487735702,-0.9459335269688179
-0.5580252937896241,-0.0013260045234361646,-0.5186771159557879,0.09730595686860599,-0.005557130170051272,-0.04033632495542836,-0.19329824155388697,-0.9025877387703213,0.31444067839134016,-1.1312634360110796,0.5003349054705112
-1.0007077989255768,0.6331942920035665,-1.0222283538837815,-0.07127262190664346,-0.7603495646601222,0.12211490070852721,0.11872071234857562,-0.7534464076774957,0.2720268796661266,0.7531232090972151,-0.34613172435910244
0.30321578509231223,-0.3193503558446984,0.5718404377497095,0.08572405077579782,0.2974827474896179,0.19609704595130695,-0.35075171718504033,-1.1354984285440437,0.23615819030726992,1.123349040346085,-1.1031043521485466
-0.8977294277513085,0.2897141945647004,-0.633803583541283,-0.7049929291404863,-0.7674603542085727,-0.5709023974075489,0.35168675135639005,-1.8882464868519253,-0.27832424140622386,-1.7934834307671776,-0.9482465503929904
-1.3932103811094816,-0.1464291130158441,-1.4218312018648032,0.07098829271689934,0.08311526602894725,0.44722073907176946,-0.32510177624407666,-0.6958194739179445,-0.2066577030921748,-0.07109097506774362,0.39076865289321017
1.434527565630612,0.07162748385277393,-0.3664140877420329,0.5901860568566889,-0.007766672602538716,0.38880185759048136,0.15080241110094347,0.5386235913559254,0.6333234280864464,2.397805080187567,2.25858539251544
-0.22738551398529178,0.5498689847573967,0.034594150888014374,-1.2199134732869479,-0.057602542037525656,-0.4288182078644591,0.8843747959512753,0.025608659918770704,-0.7531637843472977,-2.6778070101357336,-1.5224129697081317
0.0608014132844368,-0.8069931436011509,1.2671950187625607,0.4574350639284316,0.27301476383651513,-0.12766151363687,-0.22709106696524645,-0.68419493595904,-0.32383704612043285,-0.9410125357389225,0.08073993444144939
-1.4054377345773728,1.9872307115856627,-0.6279533388376711,-1.604056598497801,-0.4104651314615585,-1.1091130802276532,2.539809594244222,-0.6360955339637941,-2.139617835039086,-2.1276508688533005,-0.7698334079899586
-0.5404328921613609,-0.9872805686433477,0.5554961782782657,1.2564683408462733,-0.29380828270112164,-0.0050295447713284425,0.09876256870691248,-1.0430620395811954,-1.2153221949437638,-0.058028538549296016,0.09720391860712929
0.10343865294359103,-1.187127826892677,-0.4325574642389589,-0.6977327435953042,-0.08832936979571185,-0.19052507046994183,0.05016722078706401,0.006032766780571602,-1.1795101742573852,-2.2131355949568654,-1.03804371221861
-1.1364595970389688,1.0903124569904397,-1.9784056915025026,-1.0944478294028617,-0.6429039886753264,-0.07984364338262268,1.196674321838077,-1.1387079993147236,-0.9004576605231687,-1.5429442991994453,-0.7821944228464124
0.36359427908950237,0.7385171415771098,-0.014108873640161668,-0.2796264864156233,0.112409904297121,0.14622558704141247,1.1342286643455417,0.05305154120012456,-0.07391455218472065,0.5807000833077416,0.5389104410764953
-0.5957073032984728,0.5776736648745263,-0.6102080067912471,0.641499160079595,-0.12085442417532904,-0.029305007888934545,0.6802479471945472,-0.4961640085247754,0.6074806870244736,0.2536463741584509,0.34048486149471746
-0.2921528354346113,0.5817303877827471,0.42872487212657173,-0.5380495974383972,0.569632088184474,-0.5993978884908162,0.6650152525381802,-0.0972607741359649,-0.36184658672803555,-1.6305044057050968,-0.6059367376299333
-0.5967565924973183,-0.03324705383343429,-1.8728246322416828,-0.4700719325454176,-0.7231676514961998,-0.23882274180132684,0.21972987792636364,-0.20312388578775278,0.02311552882107673,0.3530235500230008,-1.1176498214404595
1.8144110699905083,-0.8828665762980654,1.2060775056786535,1.745301370043497,0.13252223543948477,0.020501049388906623,0.14356993421243303,-1.3207018104156445,-1.369011588984261,-0.9313864541454093,0.7847773512319185
-0.018810284200602437,0.05128344053314239,-0.2590135979118769,-1.20811907147056,-0.1168447545633667,-0.45132798315486794,0.6022365272510143,0.015034487801326768,-1.0352398243949528,-2.0710155713179375,-0.8510368013345482
-1.0448045445087506,-0.6715745817971953,-1.461675382068798,-1.289124335929711,0.2414033096751027,-0.6536583706569365,0.15595823291858396,0.04886889217250534,-1.6367624329704937,-3.622413976701253,-2.202032696723957
0.8026445868759621,0.9146384342011402,-0.5180854272058485,-0.30279659587296925,-0.03718140886349797,-0.3809640872844682,0.8498363146240993,-0.7847375568028274,-0.03607292200046405,1.1053636847428105,-0.22463039867224438
-1.2050909253078943,-0.16266710076293991,-2.5425975849135307,-0.4336500723428443,-0.21680219009726287,-0.6237328985594086,0.03458209788674958,-0.7676425893676071,-0.2938425153419552,-1.4327501288456304,-0.24459729303427205
0.19967078327808338,-0.8139786971543024,0.5875115474043384,-0.372914819022814,0.6919353317694427,-0.12534185665968492,-0.49242725892097233,-0.3358569833157104,-0.6145691000577762,-1.585987503694887,-0.5104024360980114
-1.931026352636723,-0.3300248311294944,-2.218285456085529,0.47562209612996903,-0.9787553162572744,-0.1098714809255055,-0.08384731753906226,0.14643221715774601,0.4150066725691694,1.0487051549250392,0.35371808141249417
-1.310560413730007,0.3749299187098216,-2.410335326727354,-0.23683780490657275,-0.5504638822446393,-0.5170127411462578,0.37258060647778507,-1.2493421474239086,-0.06173214253656806,0.8302104044738696,-0.2962347911277397
0.18787784134141547,-0.5626733421247049,-0.947742308181572,-0.163002049563803,0.46400148021452614,-0.9813958645720036,-0.29093356932642556,-1.2986156581943642,-0.7066248445179244,-0.4299280178177134,-0.09868005030160243
0.7200332537643477,-0.8108329227031053,-0.04608997622258426,-0.5614206067238651,0.15709591989656918,-0.32518056604625567,-0.19729427962889282,-0.2609677535353054,-0.3015932153951464,-0.8726633169423244,-0.32580846417488013
0.16282968781359403,0.2124531072621799,1.1767433539873393,0.2853807493626085,0.06999158572829996,0.4476524948878162,-0.22263565110653144,-0.6782014743810084,0.7087965159460768,1.2419480828225888,0.1591555796372667
-0.11917900988411856,0.2136813101706823,-0.4062570552511264,0.12346936590829988,-0.3578913517246236,0.47662826412804815,0.0849008433696947,-0.5481813406359823,-0.11818991544040436,0.05277097053510396,0.008808515860000532
-0.3013985964675501,-0.5081624352651801,-1.4536577028478217,0.10801135798098875,-0.6897060245164573,-0.12032416407408755,-0.2039770556980985,-0.42550480357040477,0.19380030866445827,0.848108302723064,0.4512135110838287
-1.4582732932317457,-0.4736932642202647,-1.843130760122895,1.471955902194723,-0.8639638858857919,0.14894926452405788,0.10927191036310298,-1.3448617986165061,-0.5868493447988901,-3.3042270237815767,0.35440107142053
-0.7128329235228599,0.20128116330603812,-0.9709948614296873,-1.1046047219635702,-0.883195084542,-0.3276081843097891,0.2100977760770068,0.45244869709186675,-0.8336530784116687,-2.5168471344790415,-2.015514020163464
-0.45815010335429834,-1.4116709580910785,-2.4593900017983295,-0.6958613346052802,-0.5688040850581825,-0.7594790873022722,0.2899906742481113,-1.1937385521327908,-1.4086978045611287,-2.1721912775534085,-0.39647515042862047
1.033128995296443,-1.372674652418147,0.1959484626853391,-0.09387483006394437,0.14579173344433613,-0.3328112658995825,-0.3574057006514751,-0.897703896222594,-0.997470617176152,-2.1494729922734943,-0.45150687032988035
0.3320742775182628,-0.7112063615306778,-0.10458672576608921,0.284475138707638,0.20323236477686024,0.13820273579320497,0.024480400489848675,-0.6682391051415275,-0.3787085689808707,0.07358579170777035,0.47646529951600547
-1.7378271844126814,-0.22640219744330511,-1.5209539243424015,0.09654280173799179,-1.1488749406180188,0.3521584618797826,-0.021585435525121197,-1.515152650878335,-0.03376229395263006,-0.04725674751799147,0.681444678489428
0.31288079222282383,0.27698557595889567,1.3870969099215953,-0.5524153575238999,0.30055156902351493,-0.2985373663294144,0.18457882302359266,-0.5670948698728377,-0.5236685952446494,-0.0948330832650992,-0.9886679381645719
-0.3839119226892736,1.394872369945097,0.36971990349366557,-0.567526308865848,0.07884565251003428,-0.4788660375789246,2.1107631643688816,0.3775774606301877,-0.8043646346673685,-0.5398977068058681,-0.8325101172777887
-0.6706596222523212,0.8018751054979594,-0.922970966039576,-1.4815293688427746,-1.114254999140642,-0.9449759269671636,0.9522120027623752,-0.4191365895421219,-1.563293029034901,-3.3542182633551807,-1.9386979973184917
0.5954551999982522,-0.17503318125909292,-0.6346511513574298,0.9700125186898041,0.2654050101444854,-0.2025165098036383,0.3303899705852069,-0.8510791286638151,-0.07870220214482662,-0.17877339217294153,0.4169879917535542
1.0074620805880552,-0.03974580501736486,2.091130405974607,-0.12135368184068542,0.7035721099130192,-0.2936728219901242,0.23768975568020512,-1.2487375243069692,0.3713800834172336,0.21360901625014064,0.7220369725059947
0.9094825816639321,-0.9839320242634939,0.2695381028209815,1.2001315768029492,-0.01007845150861264,0.14314636153802524,-0.11925776446628913,-1.3732996501943608,-0.2776580348482123,-0.9615423469321696,0.36244663166667146
-0.8301234123880091,-0.03926284903274861,-0.8938023682942848,0.18494092271765972,0.019341438984980086,0.25716911105829415,0.35063687594351556,-0.8523208074470964,0.1471113760887545,0.5844870300636842,0.5003412841278371
-0.30936579645142737,-0.2986062643281982,-0.3933676866092538,0.255241561523679,-0.14199135262796003,-0.1408320388776623,-0.2046074032721939,-0.8186290868502657,0.2444216151826581,-0.008858407571413984,0.3720298656254245
0.31993498695647177,0.28832429409683724,0.19920420786107376,0.02933331284500712,-0.0498865196986783,0.29207213360861006,0.3573506094129057,0.10148720118573362,0.42081863977658834,-0.3730748918566835,-0.2811917656573206
0.9529752536748093,-0.8156431179981585,0.12658051244450355,0.6886241892924903,0.345556988299294,0.05959259694231822,-0.04533255455780895,-0.4633703709104058,-0.1556083724300505,0.5455310780633527,0.7675212075877252
-0.47636216335680487,0.4770898465680932,-0.9448380960553331,0.01297576995454558,-0.23553694085273097,-0.153052483840585,0.4470518208616754,-1.2627698041983026,0.25109679259817536,0.8507157251343752,0.3731172331928061
-0.18796815735151895,1.4499605509881572,-0.6678489097421996,0.11319029220741073,-0.2232656776334934,-0.29936223633212794,1.874652034200487,-0.6072551493799848,0.23824376517483373,-0.16831471158635702,0.14252073089085515
-1.0925801970718991,-0.12590122790298958,-1.2346848053917905,0.07509084744782966,-0.3950264009776193,-0.6275653676869979,0.12857701958076567,-0.31070636839410437,0.3839189556094537,1.2429209857257735,-0.0574711518115681
-1.1808837663207454,0.3641588208019678,-1.7107742708027824,0.10301828371583482,-0.9131379905072784,0.22364061847372552,-0.06387505590595627,-0.011763741445965259,-0.15654480259021097,-0.5534730357631163,-0.0938739598895024
0.7928003102749038,0.6410577847748931,-0.303823198630906,-0.5781158161611429,0.30438925234633823,-0.14435707723476288,1.06022981295372,0.39088849991707153,-0.06084724273040476,-0.6700544865888203,-1.2011486552284938
1.32702778931666,-0.40666717919394596,0.29738715710393454,1.0975771498153324,0.012420189916043323,-0.0014056954758292772,-0.3827178785893614,-1.595869141213327,0.17340463885162377,0.7726607591593833,1.1093881224506674
-0.07630224783966014,0.1936418960359493,-0.37056271966219734,-0.8115562000335877,-0.17712524059572682,-0.31024255106874654,0.6024645799625186,-0.8746530935074366,-0.7405037321837719,-2.0014463037488244,-0.14236976345673202
0.9804746937343533,-0.009401103957640534,1.3179906801965748,1.205240431227829,0.12232813429572925,0.24194443422112116,0.5526740868540978,-1.8326490636909094,0.06437748572520696,0.230411103766697,0.887130752022407
0.34977763949360324,0.07228042146375721,-1.842659342371388,-0.2148616134067498,-0.29189028415282714,-0.6070398732325888,-0.1809922972449401,-0.655595465413702,0.25438032589017767,-0.3711280856609991,0.10423272710750625
-0.6394122622318913,-0.7635900555386155,0.09176307664896166,-0.69157455581937,0.0683806962745313,-0.48572490427486825,-0.23143156430704315,-0.0724609500189485,-1.0030597761304367,-2.233995079847904,-0.6138433146873166
0.34954141479523976,0.002040123243197592,0.9694393626639242,-0.015387295106333604,0.5855317541995171,0.03467266664666435,-0.25011299993163955,-0.01852945507110937,0.5102425022865045,0.3453950232513262,-0.23834679894647393
1.5056523406617346,0.456595257532938,-1.306258168349948,-0.9351383740056975,0.49028749224683854,-0.7142580770655409,0.6049145554371632,-0.47341100284430665,0.020922424045684673,-1.6920592092693758,-0.13384323706006152
-0.04074950535105973,1.3716279306215076,-0.4078978284864892,-0.20426494720289523,-0.4749096984187023,-0.27917430388095404,1.4968802334488878,-0.822545184847514,-0.37657631206203207,-0.926004658449944,-0.08716791955308002
1.5317951894333246,0.8994232641843273,-0.0838592032711693,-1.0859522806972053,0.3371541583760126,-0.8455306704133017,1.4150850148624197,-0.3728548441547922,-1.4654546031194313,-3.9341522071009467,-1.054529400557895
-2.579584342570054,2.045594926119726,-4.101420223311528,-1.4486624930436949,-0.4499923515118464,-0.6739611739931203,3.0233912657199538,-0.961481411565687,-1.9170636895193442,-3.5239295366504035,-2.1817836790540626
0.8020133878800022,-0.758154245177411,-0.34912399853378784,-1.0253660469446217,0.2901167907116471,-0.45796591539931447,0.33515058008517096,0.8836374530170443,-1.0632176054206905,-2.6396498901745336,-0.488730855928766
0.07997971164366952,0.8159498810408217,-0.8799242755213648,-0.9096046636159185,0.6286734347451145,-0.8036207760787153,0.9158448532693932,-1.3748718327182181,-0.83512056238263,-2.345899289495275,-0.7058331350137903
-0.2993388283802637,0.15452087597487724,0.8973317489106216,-2.028907207154704,0.0081568346463389,-0.4887196633492196,0.677139866347503,-0.265059319530131,-1.6999909117379037,-3.445135092849471,-1.7550244850313454
0.08461117514418978,2.0807510887670393,0.599663393888618,-2.287150260950333,0.1556911134659173,-1.1171307783632178,2.5767931059252396,0.6377700256800845,-3.458283766933058,-3.7509553263934734,-1.9513891447503753
-1.9584383651718789,-0.7974675045444373,-1.3886874852884803,0.906230909730625,-0.7960595727979545,-0.2150358109666214,-0.24954093812995154,-0.8829373996541476,-0.16122093879976224,0.2562806269516635,0.6218844588282111
-0.22138761114686717,-0.8276345532628746,0.2201376326971411,0.9381651869852804,-0.0804832549344144,0.02052098287073699,0.1997288965688826,-1.0076800733325162,-0.5554843732611324,0.012796259295695389,1.1346141415107567
0.34533311118886584,-0.596915203869923,-0.7464664547473193,0.5700684105696849,-0.010008509606373533,0.3099097019518565,0.25041443234616173,-0.9441281791932026,0.5206747421321645,0.3146595844477833,0.6334723828302483
1.4465591858405578,-2.0604592229877396,-0.17670426763260155,-0.3050907854688949,0.6316950583032146,-0.6527253725119617,-0.37893851799419886,-0.4572968500084962,-0.9992525035413485,-2.5106619164658492,-1.398154948279302
-0.51477599699889,-0.5262220676376564,-0.21544074552103715,0.1666786586866802,-0.032620309524096835,0.042980172809309644,-0.36974363458845794,0.19182911956796211,-0.22225245191001408,-0.909429751762656,-0.2899193204945149
-0.7999355631145796,-0.7502678263946572,-1.7518898295656666,0.3329253092587619,-0.8313964946663848,0.025497814850335296,-0.2103116544785783,-1.8735262463538331,-0.36349400699312173,-0.5688705558302711,0.12586664628172817
-0.4985509442323377,0.1228901302517728,-0.0380466984468571,-1.079212404000359,-0.7232269577822479,-0.2680771703098008,0.45074694120186193,0.48360179940365033,-0.5901773017821675,-2.3081978897973148,-0.9495864292495937
0.8938816196671187,0.3066004759501669,0.0516883690322163,0.6971856837690695,-0.24731319001759444,0.20110959112567856,0.23404010763819527,-1.7010834164452975,0.16145789561755017,-0.12210494215384093,0.4885223534187587
0.31746650021007516,1.7796599452048938,-0.21541144705429488,-0.36609137223184773,0.26372690688948297,-0.4395909680212963,2.1857526560216187,-0.7661000113610318,-0.44703153204999313,-2.1375064075899326,-1.3713951792504453e-05
-0.5260655051901967,0.890930033566091,-0.06676393803391906,-0.7709591387392498,-0.6664022600044568,-0.5944809779813152,0.978437137662182,-0.7341697016265512,-0.601872667668569,-2.1556423479752227,-1.6570830368373672
0.49876338228691885,-0.5753254629588206,0.4523853615499156,0.2716700688756393,-0.4047797025133406,-0.03201441369750824,-0.21738703823054412,-0.28572396654902066,-0.6231866292677393,-0.380996757792597,0.4185255589074819
0.08983518088840843,-0.8839804801974575,-0.332705141163874,0.5373944202875758,0.08543364329801857,-0.27047263811260913,-0.006856636665509924,-1.6036064528786849,-0.3303612586838937,0.3354136796526157,-0.1439099048670548
0.9461955106896888,0.4507592185909557,1.0668102223693228,-1.9155310083059545,1.2136208454274713,-1.5424869422977345,0.9916119104513054,-0.13728019629286822,-2.2638465961799175,-3.87451763332631,-1.6935155022097614
-0.6953522284261,-1.2889321025290499,-1.5354629202446004,0.22647813490046398,-0.5317018670046666,-0.04924350981073364,-0.24201021214313528,0.5969512650281672,-0.8816710300784651,-1.116680698885036,0.12516603865831505
-0.32749365554147997,1.7367357370102385,0.05243982787588508,-1.4719244761654036,0.061111293791546395,-0.5892506531785591,2.376566657559772,-1.2547850005425674,-1.3868415779538275,-3.6107711456754368,-1.7323010747402787
-0.39081520795644714,1.1107888290198917,-0.021629778998295268,-1.422586786361606,-0.2236077347979038,-1.3510037615874642,1.5898356960630875,-0.35014336869194057,-1.9471190546160848,-3.163701694977034,-2.038871538962206
-1.4435280939153279,-0.4719050911117049,-1.870455270379037,-0.06672393605291727,-0.6915092476774509,-0.4839018523184885,-0.319325777756371,-0.8819987002764331,0.18613021559791904,-0.4796812097537282,0.4993529165664995
0.2854050104820406,-1.6661228002659092,0.2745700924195748,1.701390113786663,0.4619824460410397,0.4346493097453751,0.13517414485611964,-1.0241898300725838,-1.8157480993457593,-1.9928270679328097,1.2737378038651335
0.2509518199099926,1.2782462023820538,-0.8813991461900235,-0.30731241583737096,-0.11009871150127397,0.17323426027478583,1.8602490792446917,-0.599062119388789,-0.32581760588701936,-2.2748629983731283,-0.2560886710099245
-0.0005243220459407779,-0.1314498166825168,0.5345895461525847,-0.47992552743012756,0.12577862064248235,-0.24450878836268547,0.11485041522310241,-0.7994735422771242,0.04033898498279742,-0.8827848815123811,-0.5057525432501802
-0.23604261543467328,1.166830779180833,-0.4463001814491053,-0.30914954693547847,-0.1424905075052401,-0.5018262943050967,1.2489337310456274,-0.3272147279530768,-0.07100502828311948,-0.2745771782086472,0.24241111315288708
-1.396223908088812,-1.5521625646592303,-1.9644072473398908,1.415406639037449,-0.8839332269453102,0.035259650528714534,0.34183698245336636,-0.0930110937409333,-1.1786730240303978,-1.6188321852306171,0.4736456948004996
-0.4188544609664737,-0.5968982860358013,0.28116384316261744,0.9305377986827054,0.10211176177450926,0.3060977136271708,-0.1309178689438757,-1.0251303595594778,0.10416814047938583,2.335538923379789,2.2601843999959454
-0.3422833916738518,-0.016455958512565642,-0.9135566929614255,-0.04448508360823082,-0.40636176919729494,-0.36941674119678747,0.2974179327214496,-0.1581104147557446,0.12191274232601211,0.41685359732684324,0.9827525243720371
-0.7938276920519542,0.023612036432935555,-1.8795406620376933,-0.5989088828868554,-0.8393922296992428,-0.5084863575553401,0.21645892186643592,-1.1611162476095698,-0.4704998635981623,-2.2502413660372573,-0.4410529422395344
-0.16402015715605262,-0.4535590536740743,-1.3772938755715256,0.6184524947187859,-0.11357308660890489,-0.012577118672551027,-0.14005521406765947,-1.3183923042020758,-0.2900788363632819,-0.1763040889046263,0.20710986856684221
0.3914524171459139,0.5764545580126026,0.5263284595012836,-0.20442329820210609,-0.041125784146399946,-0.4921472606800657,0.7035569848176861,-0.31349506981652675,-0.19114445741232033,-1.9178663712194668,-0.17128080988140976
1.8477271647472255,-1.0464203457538754,-0.8335556684831313,1.0430320889716618,0.3891254938001928,-0.04739423171701126,-0.3641770019368408,-0.10062735737261841,0.23403235166727243,0.19074184329763616,0.2258571347825078
0.16598321953754377,-0.15817625550883468,1.2404867528271977,0.388129331381707,0.12935256911764265,0.3451222951356457,-0.3192285849737568,-0.5076323642909102,0.6423001561238451,0.23797864097748422,0.6225267798564647
0.24750809163526766,0.09399548582471184,-1.482757575357303,0.5477465281030968,0.2852131495783636,0.12717822800908324,-0.10332352897511698,-0.9819030191472742,-0.13598637314813744,0.8637320684491858,0.7100847218888364
-0.0786955422810778,0.47237840578564994,1.035861613561518,-0.8358706018919289,0.15415657960447074,-0.44605045243566066,0.6734526559202475,-0.4442112490280975,-0.9886151115614719,-2.6400696374431485,-1.8946967347918773
-1.8908410483381866,0.6616701323516083,-2.067440779691373,0.4299857783553134,-0.7749700074436809,-0.17379236722613117,1.1725931071882667,-1.5182547608582577,0.4106914204766664,0.6862222367477515,0.20499531110611086
-0.03159982035040247,-1.1011619295548483,-0.22384801188213396,0.541745151748985,0.17060389128396114,-0.46675035826540273,0.4490334064373015,-0.3469733141408472,-0.3129873832088091,-0.6053292006924145,0.17639338541228067
0.0536307539722384,-1.4942607827971808,-0.4888468106533999,1.9040554528776086,0.3589531645504037,0.5444336083167172,0.36077361049586426,-0.8835595774441393,-1.5331840968388182,-1.1105589456398866,0.8853995645613323
2.4147148974800277,1.2050974194444868,0.11323485983706955,-1.2364858599522548,0.7392250416739016,-0.6844775407678272,1.7903128006794111,-0.7261228135424254,-1.4126981271737533,-3.0336056315616755,-2.0150182899669487
-0.19455320915962415,0.29753606024892854,-0.30573054476265543,0.8682972432931717,-0.1956121767830945,0.0048717041515704135,0.02833509223918107,-1.2460800945428632,0.14391513972541808,1.7670241693581026,1.2564609213355051
0.29073738429963875,-0.7400473993044453,0.8380745942382547,0.4737276161520235,-0.2061593083675854,0.7413324513563729,-0.30735097445404236,-0.5363050820359965,-0.07695769658335327,0.8826321420509824,0.5690481933301519
-0.039654677722338064,1.46763734541271,-0.07739100199962148,-1.32510452720123,-0.40756727908378443,-0.6604104450774417,1.8394833320706498,-0.72754531044785,-1.4790932996125776,-2.490562860662843,-1.371308155615419
-1.153835498720506,0.08955926445608937,-1.1770256650721334,-0.5546418445735687,-0.6648040325789022,-0.4728262637752302,0.0153944434165178,-0.48435978439878546,-0.9453528769537575,-1.5866137774362725,-0.9358414855273343
1.1173342794654404,1.1106516078538349,-0.02662227830873659,-0.9305521262202665,0.17682097152149495,-0.5754163033729852,1.388840453307787,0.6950115631112177,-0.9457540891845666,-1.9464847408150732,-0.44964497482874044
0.7332647437479023,0.04332869233569263,0.15798606824026476,0.15271392048598675,0.25659647957466475,0.34891457572374335,-0.04724385791979195,-0.7772084437822016,0.005088138639906148,-1.2861888580074663,0.7940608852813996
0.7716814601267195,1.9568564976669576,0.4288706457133743,-0.706370019415012,0.3800419359942063,-0.41383059188410326,1.8610524121984522,-0.7543019500918551,-0.7776592217084793,-2.124692417517477,-1.033059818536098
-0.8990690187790957,1.6636614788467603,-2.216549515615398,-1.3594574141058011,-0.5012149492328639,-1.1111429073685617,2.4668293638518293,-0.8524325782255583,-0.7478057684511461,-1.6893225302308794,-1.272515215703445
1.3727697924206224,-0.26049900506298795,-0.7586475220026645,-0.1014556241266513,0.28593652114840706,0.06518705669682012,-0.41652717556497265,-0.10020545471500386,0.1939105672430408,0.10485823900405872,0.20504633869299324
-1.3829401202357878,0.9112315540042717,-1.0340719312069724,0.9278007670946513,-0.4185536669860107,-0.2166641881017745,1.2347507712037136,-1.1730311466868635,-0.040861966098239985,-1.064680915251939,0.386399280678154
0.5710690503487488,0.5980798457930862,0.2796377127377545,0.7507645779491174,0.30666975775421607,0.5503902943829663,1.2702307463771008,-1.320139348826876,0.4853881557145882,0.6700896935461704,0.8169382768844562
2.1466879902598275,1.2924152223356329,-0.1681351530533399,-0.4611288228193875,-0.12606221839866938,-0.1212864039776243,1.2863626307029747,0.17007689613678945,-0.19829483688389213,0.4169186181245199,0.265129071669016
-0.9788020033768492,-0.947829836783414,-1.062014009216397,0.418587038057066,-0.8449452198380889,-0.24707749866777162,-0.7854883673899323,0.1555593744020689,-0.02643822792999513,1.29260899585405,-0.564516928313554
-0.5619655241632266,0.6371288977859674,-0.3650946761738772,-0.4251075567013779,-0.4268024996145465,0.04349692109574088,0.6240351887303078,-0.8698124312761902,0.031739785192825054,-0.5853256497714292,0.1542213293312783
0.09236408868310063,0.9946121484818331,-0.4601226555032184,-0.20898657129436354,-0.4429394636264588,-0.2707119286948344,1.3617427757525082,-1.6689513010097423,0.5666505738135676,0.9975714951876786,-0.05464543399708458
-0.5002395684421795,-1.7099041894090363,-1.1158694821322124,-0.3362298448057368,-0.24192871774849004,-0.18712732846633168,0.3942568980495692,0.21630221658706628,-1.6971041487788137,-2.336404732876258,-0.7127489597728311
-1.529156009852157,-1.1574345034276408,-1.614709380976279,0.21536179415503054,-0.14480366856392202,0.015472827119260832,-0.46347409855067967,-0.9345606054422816,-0.4083583712796698,-1.6450888099735004,0.04590638072829681
0.061818128730349926,-1.9791810485400287,-0.7962697647019946,-0.8093171131202388,0.2739526041141294,-0.7466385179322779,0.1775284320708575,0.18583308965818057,-2.3753083912058357,-3.599602401438892,-1.608677157047428
-1.0493171943562158,-0.2801242660376968,-0.8644230714950912,0.20162106903628724,-0.6084073786070613,-0.06514504742882252,-0.2574206630127511,-1.7320680462384652,0.3450778602725967,1.858561403502956,0.20457989457483405
0.4597806293735156,0.6673604968464393,-1.1114885320464842,-0.05623027710267825,0.5368504087302324,0.014854856544325279,0.6627816636065745,-0.12902371281682856,-0.13627819933380902,-0.4417295679490872,0.6328385879555326
-0.9089306764597627,1.4207935447446987,-0.25116462573395726,-1.1823744165670893,-0.39751228735212146,-0.7333597648576419,2.5762619052413904,-1.169613978733035,-1.5130697109558786,-2.998848739401594,-1.4682544509940079
1.5173425856898117,0.04964203024688145,0.5284458804168224,0.9760310926576372,0.4145024630089276,-0.1301816859432453,-0.1001005353985639,-0.5967057804243605,0.032757817038636936,-0.14527068949348376,0.8913115842144884
-0.7751356455735425,1.5420034429405267,-0.6576412465370576,-1.7739108194250144,-0.6774018988354239,-1.1405081472431307,2.3380168866083584,-0.47024676866646015,-1.8986037316966011,-1.772437017336451,-0.7967375500067382
-0.32199074496562435,-1.3464064508495366,0.32199828212945836,-0.6517834211531051,-0.25873667550904944,-0.3925959387768906,0.06918318492956822,-0.839104632751174,-1.1428034991915794,-0.8669072690779784,-1.040503207533722
0.7937744073878067,-1.6567606593791646,1.4125995852861943,0.5654500582475184,0.23565907295570104,0.38841463006218047,0.24888923261447737,-0.9015950331423016,-1.3716663385076833,0.6531148189083535,0.971817280662224
-1.2149367511516869,-0.07481654111151582,-0.6285673216210749,0.6947736465480058,-0.47607583238964607,-0.12207939594870576,0.11875652050470517,-0.46799698630555475,0.273640610336218,0.4713092110385695,0.7305060180311198
0.2179426538871634,0.3472181547577141,-1.324769084604974,0.8131594573228056,-0.011111031449586618,0.07969279218496549,0.5839495509761647,-0.8989958723684114,0.03772455775376812,0.4779777336170796,1.2642030331667864
1.2787871644204432,-0.052877392591649364,-0.6972432017768152,-0.39060189218014635,0.2977632388740735,0.1090615374124253,-0.08433560668913787,-0.13609074930846798,-0.511222752177238,-2.4229128971112286,-1.5228157922549161
-1.5849844212418198,-2.0062629636930382,-2.2782576802094594,1.173810739396826,-0.5988588594959143,-0.10534261035813877,0.22364930604913003,0.14365467602746973,-1.5825427815988744,-0.5594105675605878,0.6589768049926107
0.17586380732182375,-0.10704645195770243,-0.0012474620861413557,-0.09255973343422212,0.4481038173376891,-0.10420521046127929,-0.1442639502785576,-1.4215392980639265,0.01235507190061659,-0.9802990067294965,-0.34997593827225665
0.24979979937706653,-1.2737987264735051,0.3943794953765525,0.27997080141909436,0.4689282662042228,-0.45401686536037583,0.0254771856017956,0.3457012223672592,0.05829305918835748,0.5572884837221214,0.9263929328769984
0.7626330648344286,0.621404916763896,-0.3186850435435914,0.13242248667219325,-0.23288369304630202,0.1218615921742624,0.5561703926661599,-0.6327504490256,0.3811720163635651,-0.2588193013993181,0.5454729073431649
-1.2209169501669086,0.3304493986920865,-1.233175271087431,0.07417517113311939,-1.3890568301908812,-0.07732734779052554,0.42433727973554847,-1.1481404055779527,-0.13709549606503463,-0.5230326005491299,-0.17157981801469585
-1.302965841135615,-0.9237875634830445,-2.015070489921344,-0.7487657855786056,-0.37534741911256075,-0.13439016962651107,-0.09778156065586344,-1.063799315307203,-1.3389311630349616,-3.028795878011732,-1.6064438482758554
0.5072861684999681,-0.5148093232145012,-0.3064215995451242,1.2538286418183142,-0.27089185859381537,0.4317015565118844,0.31187026953840546,-1.2026044779261744,0.05909899241918298,-0.6668392994639518,0.6906555901407894
0.2862543246636529,-1.038349598405335,-0.9754266257017776,1.3928023720870333,-0.07782615326160501,0.813930540901089,0.07338807599619784,-0.6062656252535671,-0.2688997134042258,-1.2507174940396455,0.4441434720976375
0.24057369124449438,-0.08166278208448645,-0.6503062927541632,-0.5138269713617929,-0.3749981192656186,-0.13223364353323547,-0.4183952219666175,-0.5081368169296571,-0.7084185466682487,-2.043543919670565,-0.3377099345965156
0.3348548209951958,0.8954598417819225,-0.9120325384704197,-0.3273070517253293,-0.553361539670995,-0.17789713219381606,1.292906027498616,0.2749876442312227,-0.7210367637326065,-0.7099032736532018,-0.3842692800906559
-0.673708207234586,-0.9678006065290611,-1.4363931860661738,0.7491096833545303,-0.34149453646154976,0.10209244353958981,-0.2936870563683721,-1.613271524119056,0.09993835622068614,-0.49053721343001433,-0.6771677250355801
0.222652774860261,0.4624016364001634,0.7665626447199302,-0.25728956327977937,0.41874825743209665,-0.3303729203933443,0.3132207839056742,-0.5609750289469645,0.15086718454192377,0.03333264725207488,-0.22957985109550236
0.2824103848055891,-0.5305446226721208,-0.6473984343583357,-0.1911297043977469,-0.16461763589747436,-0.1617445035086576,-0.3805849195638996,-1.1724648123429007,-0.45236235683577153,0.08961720200917056,-0.4555240020333798
-0.7074359713776913,-0.7826588564484579,1.1312302673665326,-0.13463856144358666,-1.1100258865797028,-0.32459723929990947,0.0984628570026711,-0.25367761703015645,-0.21051439481969927,-0.8517093620052929,-0.7882736223175113
1.8276719126778436,-0.12424060704103429,0.4536273155614736,-0.08509388547837618,0.3905694520873274,-0.1700975765827481,-0.598885512028655,-0.03940583028663236,-0.5785575026860001,-1.414547221524083,-0.6354517177485557
0.46001692357503865,-1.0153369157147354,0.2506098540670935,1.241879898741086,0.36709508782013966,0.39904777238089173,0.8347140302466158,-1.2831041986122758,-0.7165469625630678,-1.3573465154430748,0.745048786484218
-1.1760661892155102,-0.5530009653608013,-1.9321222781655107,0.6254611751524425,-1.123421428025995,-0.17598270141403433,0.13134398915740414,-2.2411591922296594,0.1013320288299105,1.3716278725981457,0.9478508236717584
0.6395495001779987,-1.1714693101435076,0.6818015919346965,0.13407441805104164,0.40221934184676167,0.2019787821943163,-0.11237870927143763,-0.405195461213788,-0.362993104250565,-0.16907734372184371,0.4266076684103275
-0.963223980540802,1.8646732906741579,-1.4724122136828854,-0.4826942882607399,-0.5779406747130313,-0.053835140207138865,2.1810881183222537,-0.3451215842345492,-0.8897278637022419,-2.1518770548769575,-0.9057115801024458
0.7678029900841248,0.01236351442229024,0.2940676883434792,-2.176349809482094,0.5296070127104693,-0.8468689877160094,0.7198296764129821,-0.13077000255262558,-2.3045143353423443,-3.142110117030185,-1.65265671907837
1.1328318407146458,-0.6932361381727705,2.082874536837195,1.13854224261509,0.3776217928671463,-0.4898129912092688,0.12863156121152494,-0.3200338578997346,-0.6466866576565355,-1.8486327790664054,0.349246417013779
-0.8119116098284458,0.1839336880817352,-0.9526937521719957,-1.5683330092515622,-0.8240867305367605,-0.8824448510947702,0.7718363001185923,-0.9711414432892753,-1.453156844197116,-2.432518970752594,-1.662601789417947
0.9410185805090238,-0.12932646238376747,1.0591230618826883,-0.3289462388375437,0.7997441563470427,0.1268009001267486,0.08403828677842884,-0.0882991122769512,-0.3326745665635294,-0.5983519955430159,-0.6982517991190531
0.40003016497764404,-0.2336238512862683,-0.414711434914911,-0.8887194443927754,0.054052052736669735,-0.321212818134502,0.0679409147942894,0.3115711883959429,-0.8557116868154591,-2.387064214878918,-1.7328291655529786
0.8021682927235405,0.5681185350281871,0.18694435806769216,-1.4203888485101261,0.3295500762610803,-0.9472146275719324,0.90860476276835,-1.4134752947231133,-1.7034108688056115,-3.688739132145611,-2.03140544982085
1.8581491738011264,0.7057278851133074,1.3644732018966848,0.29946474909272924,0.2651502370569883,-0.18635700589406104,0.7307895927980809,-0.5828602252021029,0.46466137663558527,0.08166221740835078,0.374009890589139
-0.2466551424844229,-0.5307784141054231,-0.7742412988988429,-0.13119992321657092,-0.43161476638792867,-0.039142645341879,-0.2852811721268187,-0.7676103661640424,0.1011332606132454,0.4118524949844143,0.21867827241764698
-0.7461335325341848,-0.5742834495450917,0.49745180235066844,0.5019682746794301,-0.5825685528999833,0.09405975747494902,0.11571464930366937,-0.7601031275557693,-0.06814495911317994,1.217504213204192,-0.019469502876652472
-0.8795427382139074,-0.285543412229152,-0.4492947546454629,-0.1213491542518249,-0.5286967376641859,-0.2158088248909003,-0.01652583087721482,-0.31523240451519097,0.03923261919266947,-0.5707623912006285,-0.5037042667977651
-0.8071245836956212,-2.231366105497815,-1.2838996028947494,0.7322314623273798,0.012269498265948808,-0.1515960807144768,-0.639781853735411,-1.0203954888427258,-1.7644710455957187,-1.0164149642642684,0.6468849802624532
-0.08130499763331037,-1.4760943371491007,0.2660769090455898,0.4610171625431737,-0.47336315330327156,-0.32408332966868136,0.10114694450797215,-1.0129174209582583,-0.9406940280862883,-2.397857817318544,-0.6141773956971662
0.3296509950337898,1.2907281995715967,0.7627299778975196,-1.7019946199709728,-0.2847410624982193,-1.1291840649350051,1.9843803148320671,-0.44629029468924497,-2.032296400045625,-3.746794784074481,-1.656615679806726
0.2663145383345123,1.5577017500842256,0.4781780954930197,-0.17651366285597814,0.6519097044181498,0.05630496280066127,1.7979573947058947,-1.271521844938217,0.633136758215842,0.30621915453874526,-0.2940379376483494
0.8072019940917846,-0.2605680214904888,-0.9200775886172927,-0.4404417693516251,0.11325488136316296,-0.2735337351842666,-0.20460599121028536,-1.0445385259255686,-0.5965765309892628,-2.1136372224305493,-0.8859799906627237
0.007226475747353525,0.532012667882393,-0.651575067904535,-1.5960857216943456,-0.3452914370386069,-0.48396808123549523,1.254672188388237,-0.02039128161751702,-1.2008519352879259,-3.552470368638234,-2.538562375291418
1.4226242510453868,0.2773144660800108,0.02751163022371597,-0.68748237671141,0.7697578560696451,0.07449393391304165,0.6197519234315121,-1.0923667131362302,-0.05859665227735755,-1.5136258662597197,-0.8989313803225105
-0.265587659082167,2.934278133003643,-0.39162717208679126,-0.4708710493329926,-0.4452868467476792,-0.09009391985735687,2.775678137163758,-0.2049043503757182,-1.2174264159733763,-1.7377415361011586,-0.1575659553455664
2.667159087557332,1.0533174009726711,0.12186349927739648,-0.061709565350868245,1.1337019180466972,-0.4113816744853651,1.2581039133713527,-0.4029157177709488,0.5771521717430542,0.32881552997175656,0.4024138827825319
0.6092021428834249,-0.14429263789613442,0.2961403649302641,-0.3207018440292702,0.516619047893247,-0.09062775909009292,-0.30437262646681545,-1.4457894184711875,0.03691693744724006,-2.1297942186134455,-0.02952697814668942
-0.8477504278275367,-0.9388220079617506,-1.8874066861591405,0.1383665237493173,-0.7653897689844447,-0.00215688695727783,-0.5512153762585112,-0.9175672337107833,-0.20210384228119732,-1.750804872178151,0.24144033682035124
-1.057756121555837,-1.56370064572061,-0.8947782998519911,0.17246679761135864,0.14410428683349286,-0.3624450977802063,-0.2612750301659267,0.16126786888560884,-0.9935118020914503,-1.401583755231127,-0.31403541185727146
0.4685056759828778,0.17383791891054665,0.5611180307792549,1.1992239851360635,0.08599058435016046,0.2178708585140569,0.6460795173994729,-1.6936131870562976,0.441893662415021,0.5971339578003361,1.116390618980904
-0.22511236504421736,-0.7475971483394918,0.10022335658370835,0.6101081340782815,0.09252512976392926,-0.22790242343454287,0.09787960536858387,-1.0089138391199834,0.15136269912120798,-1.637854028951463,-0.07089686831011927
0.6959940522028146,-1.3868731945766273,0.9706608336878396,0.7163523879662723,0.457189827485375,0.24969658034991288,0.12242886242828804,-0.49217684362463754,-1.0171945308027737,-1.3045175025917477,0.8986168358013933
0.45943201396912914,-0.6422088849856571,0.7187789035208463,1.0287430078560935,0.6982645426573539,-0.15153192951346828,0.15378651432246757,-0.5220382516363766,-0.6473243360296999,-1.275184013580842,0.09651886242673013
-0.0771067526469875,-1.059791009447737,0.14419155334761724,0.5696520842302132,0.44552885264402786,0.016631621129679787,0.024795884375158173,-0.8453144645114622,-0.5638466331959378,0.6592464555742894,1.1351804757353965
-0.8375674177628993,1.5981892974916825,-0.9628928950970499,-1.1017532339671985,-0.5092297560202466,-0.5232941315363584,1.9525455617647753,-0.8364918955042109,-1.480272622735035,-3.0416428980312724,-1.108129725254774
-1.4939647247505237,0.8248963652187394,-2.9097727655181247,-0.7281122804796052,-1.0067200384277513,-0.4276565349920892,1.1070178863809443,0.3096787682510449,-0.5680764973187176,-1.4194971055951153,0.04481322237993379
-0.4442727168968368,-0.029143828510502595,-0.18992062531059006,-0.12533678308730772,-0.15751150523333576,-0.08786696614692796,0.19659305962050622,0.44287389495624807,0.535260625461545,0.47444839973908914,0.17304701527153624
0.835907786455565,1.399276838397306,0.3674138999025768,-0.8506224481979447,0.15502297852853636,-0.6098792319619453,1.9580828177929488,0.036067352035089706,-1.0097239973570074,-3.9075652346879286,-1.324206739587295
0.20480967674557016,0.05278466161453571,0.19234626717440015,0.3613403488083852,0.7578088373173116,0.1488366313659829,0.40535535251560023,-0.6720420262942631,0.35262085074858296,1.3263060414588759,1.1389686113178716
-1.2295516837663292,-0.8483347159623519,-2.299962098983047,0.41746745149814385,-0.6690297939749411,-0.4429191125209865,-0.0009899931932685069,-1.1085769346381873,-0.257256648793177,0.14867063290473512,0.10614707457324252
0.16461070544520426,1.4407301758404827,-0.8067356810865411,-0.3133917219887361,-0.17378932312589782,-0.3124163430097849,1.760359646292597,-1.0853538101113949,-0.0021508790126402166,-0.021115299785564257,-0.7274706324481953
0.3730458018257878,0.49587110513475474,0.8408925092423696,-0.5167121325217982,0.30864748600580194,0.17564903729734738,0.8251727542284144,-0.20315998705336077,-0.9071391236282477,1.2790555599587874,-1.2995239995813346
-0.8739844480281144,-1.0172606220316225,-0.9822098603337057,0.45188621883451624,-0.9560021698532966,-0.3796459076470924,-0.14695067180951468,-0.4182089279875453,-0.6506499827866224,-2.1332211553861486,0.3305919809604437
0.14549435074486086,-0.20421774348030425,0.4538626347637188,-1.5192600545720722,-0.19235799291489397,-0.852196364060247,0.07409971700706675,0.46533750816062136,-1.5111659602413117,-1.627274101206543,-1.8472753754883804
0.05164453346700929,-0.8620956039840489,-0.07649319254720928,1.0470461534583335,0.3679118780004103,0.11925193363893064,-0.04670218950616884,-0.5871503971152164,-0.1365210477155313,-0.451785684283026,0.5714750548581317
-1.1285763076541815,-1.3489968299698833,-1.2332146342921075,0.655933053418133,-0.7786058322192955,0.002563085670464156,-0.21081793388969375,-1.5736931485972996,-0.9649937158444514,-0.6124667208504521,0.5273539057501636
0.3459961263077158,0.8676532595372362,0.7456817426375613,0.11823029149707298,-0.09708513212334546,0.07429140273039746,0.7679792899341396,-0.11580775811768318,-0.39261761536976303,-0.4115567384013263,0.34284210195281156
0.5454513971531323,1.8115763737519774,-0.22435877853002467,-3.1062899629133756,0.36359052396597813,-0.8998644546701828,2.9868919845860256,-1.1088702147938694,-3.472060129555954,-4.1012744832470975,-1.9871735618748487
1.0586056026855242,-1.3641341769680335,0.3051052514821072,1.9138751259395412,0.7896143107996462,0.47663214710209173,-0.0078106368433259465,-1.6089454517035249,-1.8449633280174274,-3.075757581517086,0.40600144048396086
1.0298667515217632,0.5189682628360046,-0.09856532367981069,-0.5680189490321039,0.5694714264220306,-0.052406243299512933,0.5238222167679967,-0.34923928102606305,-0.6440774495910913,-1.3612534984779314,-0.09462018953665852
-1.3591803476861555,-0.6461158386988799,-1.8540325817323888,1.0868696669971047,-0.33395503228167467,0.10756206205886218,-0.47925910116653514,0.13159026891087633,-0.45164947034424263,-1.895987289271329,0.10982499692234676
-0.9270104248271894,-0.48913708150905766,-1.2378715460121945,-0.5940526222804483,-0.7908204467150834,-0.3743780634551137,-0.09513726319176613,1.376219021819442,-0.6262779723985498,-1.044924020034623,-0.8835140476455354
0.5005003712075125,-0.5901963348146403,0.29272057314292893,0.70205723259682,-0.18971447666952074,0.27433753538950967,-0.11152182008125769,-0.46261956630817425,-0.27999110201560534,-0.45687772546510985,0.1777663722862276
0.49927285298562885,-0.8509330589753388,-0.21349768163821525,-0.37960739922049713,0.6565327266311325,0.222671671522927,-0.40598900187396936,-0.49196930165581776,-1.329345567476354,-2.795311850347498,-0.5152117238754519
0.5005125736164514,0.025091450537626906,1.0386127244795875,-0.5838163040313724,0.19437614566387315,-0.3369273948097268,0.2847608561406588,-0.13306657184087364,0.019039375656371982,-1.1156383888149781,-0.24862038738042863
3.779960460722895,-0.8192135753287445,-1.783359166216953,1.7491293744696048,0.24980812958555587,0.22787788018288205,0.3094362188688522,-0.838490258372157,-0.5801049465823088,-0.6316665517677709,1.2298570519590677
0.5553810522326069,0.2381523068428945,0.016451444717850233,-0.5027107917038944,0.6625098483359304,0.030130200865671086,-0.1042140021244326,-0.6543139750339259,-0.03119083697326691,-1.1491346063641497,-0.02322736149035859
1.1102037283310358,-0.069719261881608,-0.08145239058287179,0.0961465236638766,0.5370031746381977,-0.03898319065437931,-0.21442146513879792,0.407367789029046,-0.13100448626518402,0.2520868510215893,-0.1803609414322359
0.9318077787202452,-0.2508834091266409,1.2731435670311357,0.545793293207197,0.5487027314802858,-0.4518450648674379,-0.24639086593870937,-0.6370615644433415,0.1300355602677299,-0.062011220346759766,1.0669378845698736
0.6344772156764398,-0.8927636376706571,0.31689438223077926,0.7454831183586741,1.0009324249869915,0.2951162704902772,-0.31548351090577287,-0.5181333675857784,-0.3962840060365562,0.2761256902042795,1.24627925581655
-0.3153169849753723,-0.5751984290402339,0.36338838509559224,0.36081639241510505,-0.3589355865336899,-0.24397938562308336,0.008002008023849455,-0.2780270312579991,0.1766017864364381,1.0991229777573357,0.4756593983407885
0.7401781641279946,0.7036960310180634,-0.8714880227581334,-0.274453549160125,0.46193961403194805,-0.26576575458323176,0.6966837783725945,-0.33576802499926683,0.1767506535696178,1.3109441730159817,0.5100615623560198
-0.7648895169082516,0.45939743838585395,-0.6383658909275336,1.2912275266486333,-0.45938827145729355,0.23828319671745962,0.6704646870972124,-0.7471243809053772,-0.2731143253237934,-0.8485263718177569,0.09489660578603021
-0.23823515404542972,-0.9599565241610798,0.3272677651467263,0.35027218735684584,-0.032012538480150315,-0.07384963048436533,-0.6680883318321376,-0.9638174649079895,-0.21536444404859395,0.5502514072698539,0.5517867045631976
-0.4824434822410618,0.07387040295203733,-0.4774116908216913,-0.04241633578804639,0.11861546642865711,-0.012924468589847693,0.2396884925059898,-0.8895661503609412,0.3678952039625632,0.45873196999375176,0.08136364615434027
0.07489704007027356,0.699852037339285,0.6871069124292715,0.222251747464979,0.25510113735639633,-0.12043385870654046,0.44236540807472063,-1.3529850394879568,0.6965621767029326,1.8506394287658985,1.1809757598671398
2.2687238378307137,-1.6241421180268776,-0.4692308443704432,1.2022491073697297,0.6302535320796748,0.06305060104789204,0.15821138204338403,-0.7447864439454384,-1.0495378213263873,-1.974505536754438,0.12509542280516855
-1.8402337028728628,0.5001433093680202,-1.1377925942675238,0.3971243970038294,-0.3046499553640415,-0.19197619810156186,0.626741307676898,-0.3436723298325699,0.561740919923925,1.440837275881815,0.6885358328076836
0.6687377613894742,-0.6576179464689115,1.8430321249963422,0.7533521267930917,0.15791755216771625,0.2619345173526295,0.23585453054731015,-0.565011558350231,-0.09260533554686064,-0.04383241763334372,1.0725513023516615
-1.5901257588103226,0.5262926228750853,-2.0957849762376366,-1.2953175247825124,-0.9782582447617119,-0.4675110294062408,0.5439148755930019,0.5337915873413488,-0.7762328964050801,-2.3947218747646413,-0.9505842051298778
-0.46924615623076377,-0.7542293185979387,-0.8454517440273044,1.5169264222535284,-0.736579194735575,0.07199000260891933,-0.6887933694053292,-1.2201908785557032,-0.466327760868046,-1.166572655843397,1.0024170082650983
1.0644020245345782,-1.7542017366135403,1.2846306688871105,-0.4263771642344839,-0.1960906982543823,-0.1597249969092865,-0.024765785506073605,0.047071821983995066,-1.796587849919633,-2.029231697753351,-0.9426120589944091
0.0576099020441428,-1.583953210117206,1.0468485899352618,0.623024645295492,0.7374831798054274,-0.2094233066340256,0.43600983486686046,-1.316461435495469,-0.49603160797880014,-0.4618566827545203,0.09685507350801986
-1.0644888428239008,0.024672230472081284,-1.5545239101582984,-0.6775970503653193,-0.9434606872797464,-0.12215787096582054,0.4566126395699302,-0.6367334017874804,-0.13624811916912616,-0.9251793908963386,-0.13746561362902
-0.7083716470309308,0.2278472074353098,-1.0725863196459784,-0.40787914542068043,-0.5685149245025256,-0.12088941145403859,0.31261716125888867,-0.10024154080196568,-0.20425832404144,0.3842960544462666,0.3177312106549436
0.6621915662482871,-0.8896464373480355,-0.020917240948851723,0.624725331464943,0.17799917967527898,0.5396113141306389,-0.23905126483597416,-0.26276019010718443,-0.5131217572746012,0.3801379167372163,0.6700314121395202
-0.7231717515709261,0.5915676008930338,-1.755590759298985,-0.26222887377473814,-0.4664835396336311,-0.3048818399060782,0.8151584705427046,-0.7317323386260284,0.09992336028425591,0.473226060284329,0.0987984418344256
0.2071332603666546,-1.6165721989818675,-0.6652553204495748,0.7087029134568694,0.2387558223989938,-0.13236790410988947,-0.22287858671224453,-0.7805282290103346,-0.9120461996064526,-1.1812964736767269,-0.44077028476004965
0.03922814322033638,-0.084927502389701,-0.8297774785895272,1.102918441583629,0.1439998717953666,0.04660078651086543,0.3135422647820112,-1.9166275099983197,0.15315656846550169,-0.594773925470758,0.21511644490591153
-0.6457797818260567,-1.1840822665565394,-1.2566538350769547,0.7296485331803515,-0.6776902703303878,-0.08642676705891775,0.09017145933451354,-0.9717124504758009,-0.556522174483974,0.24882915233806457,1.3592065036496364
2.1009879872062323,-0.647261652322612,-0.039034214654633734,0.11083267419018372,0.47006293492597984,0.18152582596089756,0.022253287106941688,-0.048449099522440586,0.402701221755945,1.2795422784638053,-0.44278846561344054
0.6173098421935527,0.02401339665893926,0.339260014027263,0.5640401189970318,0.3987004577557842,-0.35487407881391686,0.817486028714255,-0.4805770317255683,0.6778596427656172,2.046818407275552,1.3661460233183638
-1.9953564516834525,-0.8474987013278441,-1.2345813985107974,1.2385531092614714,-0.7776129213315094,-0.14363069202688888,0.12876978312913853,-0.7747510349433133,-0.5273547975389927,-1.4479865369864169,1.090263475886524
0.17765250023294546,-0.39066861839200145,-0.7394790368269681,-0.848329997772786,0.46773462625044604,-0.5974282103216101,-0.16256156927764737,-0.32127038148991227,-0.5134830729018176,-1.951281505546151,-1.3484839541221596
-0.6557881715851731,0.9445650176710105,-0.0028463599399538575,-0.2008189382738484,-0.19013878065928094,-0.03858641676834243,1.0200795358425003,-0.6104293298007588,-0.34706643259155845,-2.0267676957373975,-0.26314150098632383
0.8320115162782951,-0.5753141481022924,0.06254096973599135,0.7585975915184193,0.5594351949800642,0.4979261941657235,-0.5314746599415319,-1.20603777444737,0.1097996969346758,0.07268980693297877,0.9145647428366669
-0.784241393242127,0.780785991290856,-0.8881886170422767,-0.7842017917853262,-0.29303085816523,-0.39453515282782675,0.7954833916976992,-0.08642961583275177,-0.039706707358052484,-0.2810486639676082,-0.43122884414802093
-0.11828307876596575,-1.1060241718394677,0.2687267991902061,1.3927122029853543,0.31644956038916267,0.0978795590596791,-0.0020488384258581654,-0.8839090958204465,-1.0569954608102474,-2.0130167665482377,1.805258585631165
0.49062770030869446,0.4871293481843032,-0.6813661567074485,-0.5633974573981583,0.16259599501650307,-0.30699149177926255,0.43477873778055803,-0.21045995392036396,-0.5299022905293278,-0.9888366250878255,-1.2366658119556102
0.8451009358090295,1.3624358106763519,0.49483586852187894,-0.7165351412128265,-0.02701447438050225,-0.17204376566858476,1.7152648766619423,-0.8293719357219448,-0.8762259111240656,-2.1527437736779653,-0.4331355715991369
-1.1849021907499735,-2.394302852468547,-1.2034471605434829,0.2573243639286922,-0.44383242487399577,-0.42190002433620677,-0.15110206813415178,-1.7534479128742282,-1.7805469011521944,-1.0876570347751104,0.10415525539345716
-0.3342134163345957,-0.7865204383043654,-0.04267506460394954,0.3633797472598112,-0.43367436535684517,-0.03906667156577854,0.08221335332626739,-0.016419558718327343,-0.43773290501394935,-1.1722285641037196,0.5003948189284686
-0.4722070229982134,0.5325072325599779,-0.3181635016585486,-1.2638596669234867,-0.5070253918946986,-0.3577557975603241,0.8625721463096974,-0.6829140895729887,-1.2823400910831975,-2.6497496616117546,-1.1680188037194978
-0.6474785012037357,-0.2164163586844597,1.0674228747718038,-1.11778451753193,-0.07792744140132479,-0.30724597253257446,0.1389941799928371,-0.827895641696103,-1.443118739915288,-5.071462329997093,-2.0465541990213674
1.7291020302075129,0.33481518370818864,-0.3295477984683291,0.7530151435573076,0.8210304050094639,0.16225195621474364,0.3972489932804226,-0.5367073360809544,0.27813501911506006,0.41559267807696687,0.8998899913899778
0.392367029746333,-0.601324106944027,-0.293767148002722,-0.3466545525024698,0.12830928030977723,-0.006689009213762198,-0.1829362744249825,-0.6399198236802051,-0.1374188250659007,-1.9405417522623323,-1.1578103026746407
-1.2444326063187228,0.06163740965604668,-1.8467400853311708,-0.8899082799205511,-0.544795532150859,-1.0421949868565166,0.460222372881906,0.20472217712553342,-0.8862397945470222,-1.2285760240236512,-0.4813809496412521
0.8962985299097398,-0.17094227959411562,-0.17546035702472884,-1.6271554354949709,0.8400860148745609,-0.5581156483339774,0.13325164296582231,0.020259197956947306,-1.2357676194276093,-2.2464083926262033,-1.1772226254517373
2.079580250105352,1.099596931246458,-0.4642051824868433,-1.1560720218142864,0.5245689967448839,-0.7569139295976386,1.3384363945246762,-0.0833122831346641,-1.0131979554366575,-2.0986569995182407,-0.7559573572905613
1.0089022444411744,0.22275754210110615,1.0922209604870636,-1.3119641222610914,1.2604117851988617,-1.0283797072930003,0.4859549496202338,-1.1484030108828645,-0.861186737103687,-1.2372694347505102,-0.5017951768506266
-1.4984085532151719,0.30261323741172985,-0.691770460488982,0.7986817618091799,-0.3770049640865474,0.2213252075642318,0.1263188595280912,-0.2632129723759524,0.026357242693505395,-0.5003111866736956,0.6584227523351229
-0.48133371436082134,-0.4168975608973325,-0.9475729913849273,0.7992305235139774,-0.9766828761866,0.4445691224656319,-0.25539787582529727,-0.7219856539549079,0.278653439498742,1.89626825470781,1.2884750738791344
1.2392575204935865,-0.48959869484810803,-0.3708734665320792,-0.3394819056935583,0.5736754224958936,-0.2626502013880818,-0.32567057906635505,-0.6397718080968092,-0.6300626118575979,-0.560253241556113,-0.5935959807826492
-0.7008706056961799,-0.43675181947019,-0.4210952346566557,1.7205723042760752,-0.310942633249214,0.7263772942740743,0.3113985557424189,-1.2786055115487749,-0.3237663558107234,-1.4588262479235816,0.7033471729337937
0.43052710632319,0.3571895239676426,-0.2930197267298976,0.3025103506168346,0.5484865491316908,0.3688496529504041,0.4536859830871672,-1.7311577173742254,0.3954588300307243,1.623130902518729,1.0797045726938805
0.7555696770110112,-0.42564090084184947,0.6603863663835146,-0.1540049598215713,0.5896312371273731,0.12202177131379965,-0.16603783939227237,-0.2566541819098682,0.06690290554215705,-0.9504989360508134,0.43362766615299986
-0.9163059449518665,0.2566978836237748,-0.8559225612453025,-2.176207303722637,-0.5688498317369279,-0.37925390399439557,1.0811241910717198,-0.9661261441315578,-2.7049231807734966,-4.255868836051672,-2.1340369754830104
-0.06403531654813693,1.9709234589323577,-1.2713168717981116,0.563731612914586,-0.6085399738029392,0.12611589599625306,2.305265580955586,-1.7063502640865318,-0.4300908429228676,-0.7451741480316894,0.31738951454054454
-3.1902622566721752,0.8148017685596969,-2.699036735597272,-1.5860185375636258,-1.083519915304623,-0.7621342235859409,1.3938942912368428,-1.2892384581808982,-1.5319973444952646,-3.431799273240447,-2.2716843307389465
-1.0120626817116374,-0.3344770781007334,0.18132324797344612,-1.218665546685923,-0.6530025614187787,-0.8911834542445711,0.096474788885038,0.30551326323113437,-1.5116899045595455,-3.655968146736716,-1.3034152538674706
-0.25370990059522913,1.13169197924414,-0.769987392024573,0.030499390422810135,-0.47878577987227744,-0.2551905687446167,1.3258900252382455,-1.0542365180208644,0.21316061678780066,1.3001994263100671,0.2682986365474712
-1.2315604162649725,-0.41324797899546806,-1.6608907923283036,1.8274330372565604,-0.4287866869808187,0.3594730913211581,-0.03401140220432347,-0.5554638469332144,-1.1358363741246398,-2.371061853373171,1.558590008311916
1.598380427419012,-1.9781176963572484,0.37435038411060395,1.3953200362690268,1.0528488485426912,0.6115401612416921,-0.41236034060706794,-1.3934276973810125,-1.4262707078370285,-1.6205228184146458,0.39195985734111677
-1.4107368258984236,-0.9892667694698541,-1.3641901304651256,0.8008069858283295,-0.4710210098054871,-0.03133674837072944,-0.0846773070268126,-1.781480731760007,-0.8977658116054583,-1.324542617623913,0.2694431246202998
-0.43791514822639616,-1.8174760748082066,-0.018657679079473244,0.8294884708739692,-0.6514344003873289,-0.09099984467218093,0.4127410853997135,-1.4242943560132626,-1.0093280550497419,-2.416448788305963,0.2163068295826515
0.12291085621188008,-0.3589477840830194,1.3990163709132317,0.615808405394992,0.23691487441069387,0.2817086896950709,0.14328411649787862,-0.09038511999954169,0.34780339375645924,0.9095592722023874,0.7742962511245952
1.4105773892223579,-0.0038080841911434064,0.08051057215198054,0.44660202574732444,0.8265847935182355,-0.051925462045049976,0.32221562793840786,-0.8378768085084575,0.13597248949306442,-0.9683302874536173,0.1545683828791978
-1.4163577830485847,1.5879129997092443,-2.188725682849693,-0.7068644823341375,-0.9023796609429411,-0.02961875757783533,2.25951553753187,-0.8533777183983997,-0.5829629174673414,-1.7674014799343554,-1.1120472597265054
1.1373203083631296,0.29236481313724155,-0.7600079971211016,-0.3082742241102594,0.22078633354687127,-0.35623835325683906,0.3282005420866393,-0.4328965482236144,0.1003851489263325,-1.348346446408311,0.10461012771863432
0.004505955458330972,-0.23182951756673353,-0.6561875045776133,-0.12511405232022688,-0.12953112414826604,-0.125218736719033,-0.08714628720251757,-0.2329295344272834,-0.12343243403528475,1.2485926753043346,0.07963985525763673
-0.9699318441791609,0.7747508347861625,-1.0887926834821617,-1.111303267677319,-0.7962410165343297,-0.6842136437218427,0.92883908524656,0.1846376398278251,-1.3310615721447505,-1.9437971644155692,-1.3232920513531437
0.4484921323475747,-2.1442104296499043,1.4076997384195504,0.18788462008219592,0.458539213622666,-0.47693938780998074,-0.1393052633702908,0.3072206470235056,-1.9877812467090261,-1.3938660009199058,0.6748560620770568
0.19003794231410626,0.20470324847777008,-0.38547153234774445,-1.5583304511360128,-0.03021135650737529,-0.874942673999993,0.7809395892352481,-0.5723194557037228,-1.4118747629571011,-1.9481836353037263,-0.7142307535982306
-0.5952928503287912,0.7185512541540208,-0.4885034755016445,-0.6149799594078046,-0.2778965161732476,-0.34446226806270025,1.135255696407846,-1.2492884645766211,-0.8730804590261472,-2.5515325659033454,-0.9767605911080325
0.06303561891605561,-1.440953207634054,-0.10130936393264053,-0.30819144768769,-0.29526927803168707,-0.5043281633936919,-0.15041646247746335,-0.6011452387057276,-1.149585516434886,-1.2589257970048293,-0.21005601169145938
-0.3841392031246686,1.076529701546846,0.41412385067304824,-1.4821197879527497,-0.32127693404983343,-0.9604317337114379,1.4770506764076894,-0.3064344609038077,-1.7108078589988356,-2.9075546366041207,-1.3664452398055238
0.10598813518233872,0.3034712453626713,1.7614374061349116,-0.25748181564067557,0.2744551644333587,-0.5587146230693121,0.3106689396543005,-1.080951868634366,0.27069975286711656,0.18993786420625325,-0.4039711014435416
0.6450292574025319,-0.4201721178921389,-0.20516914223932364,1.079185950969428,0.10907222397562281,0.030521558333851378,0.1681961741499008,-1.5520931576264845,-0.17260866837114622,0.6809811943741446,1.0877798423216323
1.5527954307977392,0.5859893516463158,-0.17387651028712758,0.1709781616322058,0.975538975337499,-0.3611244766165446,0.2557802277739872,-0.5082863932284192,0.14793131803497706,0.9944737252839058,-0.6126556706092713
-1.2217666492928967,2.158406533991767,-0.6155088634056619,-2.3148458117258546,-0.6565812382259026,-0.7418719105104931,2.496058899836061,-0.5321174515065253,-2.8829648980671023,-3.4401782753670083,-1.6602416632942343
2.0902676427201405,0.1531041349323993,0.4829672331675862,-0.9915609781438258,0.6685745244800398,-0.36218414699665447,0.24014339625074277,-0.3738713607979583,-0.6538527605460913,-3.3339900396500184,-2.187990555141523
-1.923576324698061,0.21680520971396647,-0.9290267388076783,0.32971501310886997,-0.35999936037847663,-0.38999649549200077,-0.04689236962145965,-1.1529837178679707,0.3947094750721276,-0.0070814695644974,0.9106848414848963
-0.15468530731369665,-0.46248279304358647,0.17478503938600437,-0.5845372178051108,-0.5442337896980975,-0.37828784824198214,-0.2704330393940108,-0.5122644391552966,-0.39204632773260634,-1.4443045391726805,-0.7736389333233034
0.5725036869824667,-0.8373523193141574,-0.10248367176822254,0.21283699284708418,-0.3372904071947801,-0.18941780977547576,-0.2524233653531686,-1.0925133355431682,-0.76690765769999,-0.6288593510101428,0.0827125135820417
0.27054056168482027,0.7756438735851525,0.4578765644922025,-0.1699813109631012,-0.302787022277995,-0.16563557064574733,0.7066038274879995,-0.1064425602956961,0.27243610959620457,-0.7667883796351751,-0.40555024511011634
-0.6173832157725586,-0.8433422837083695,0.1271998279175739,-0.32155566855982176,0.08942397101027716,0.1011048226741526,0.1434169028460459,0.18077074451777952,-0.3945516527117162,0.898822161747256,-0.14562341657172584
-0.21003949177676434,0.04721459383871468,0.30082537669263276,-0.0818192167895528,-0.2813041725653006,-0.696523941469717,0.1406153240207076,-1.600766598157345,-0.12677978149079677,0.9380604434085476,0.6154295643598836
-0.48994761192199127,-0.4800477311750276,-0.17806219562463865,-0.8173289840126098,0.4941762176789818,-0.3292200470883855,0.0023632807101385545,-0.8684681601749565,-0.8874725012888025,-1.639462722851313,-1.7644995027694548
-0.5846300779409541,0.43833726788384314,0.13070273154568046,-0.8706774045433929,-0.48143050591102776,-0.42253515160713595,0.7684269579595497,-1.280095523714433,-0.631208745204459,-1.8631692584578112,-0.32250669721708314
0.82922967794847,0.2988302484500192,1.0603312083713736,-0.1548426696469934,0.451772699879928,-0.042290776185609696,0.01556113649216434,-0.9317670140503397,0.05783984517729558,-0.26334237552269923,0.2157188611261055
0.34523771959108296,0.9745626990410242,1.0656402378160412,-1.7944326201151903,0.7238509565847653,-0.785015025840534,1.8168444187010278,-0.4915525238952013,-1.9688110525672877,-4.04404831521384,-2.4674637180052192
-0.6863682656012742,-0.5111127722708665,-0.27757809947658046,0.5012344876059704,0.23471088124533568,-0.2121774658971532,-0.17487534279565206,-1.5376529059165218,0.45876302729903945,0.865873943254219,0.07135772956930342
0.8783550949698069,-0.28057364932010687,0.10268760708596197,-0.10092261134385216,0.999703724445405,-0.23867833096087715,0.004198386760271705,-1.0379494907111555,0.38032585772846156,0.509742977790422,1.0648726356125655
0.2963891988137974,-0.9611166730024122,0.15060177038761072,0.7909288930543463,0.5410718861833834,-0.17066657095605753,-0.32403698133433845,-1.3819960474324473,-0.8807185031165157,-1.8283013354347684,-0.06645945188387298
0.7931307390182676,-0.44801765097489266,1.081287090669636,0.2692629486967933,0.7095396741859741,0.2627312511773506,-0.5763869446792935,-0.5124785349885533,0.3761542515701244,0.9649207863541935,-0.15664052764298714
0.6130945168798168,0.34072370363053656,-0.4204875516730924,0.5845511514116746,0.37007696894685993,0.08053569683741742,0.639395940022732,-0.8097151447804832,0.7371943667127514,0.7869959100907957,1.0924737053143194
