Experiment,Seed,Loss,Conf,Alpha,Beta,N,MSE Y,MAE Y,"HSIC(Y,X)",MSE Z,MAE Z,"HSIC(Z,X)","HSIC(Z,Y)",dHSIC Total,MMD,RF Acc
1,42,hsic,HSIC,0.0,1.0,100,1.47467,1.01426,0.16813,3.77088,1.54497,0.24651,0.28273,0.00534,0.0417,0.6
1,42,hsic,HSIC,0.0,1.0,300,2.10082,0.99449,0.05993,7.49509,1.71233,0.19888,0.32298,0.00529,0.06494,0.6
1,42,hsic,HSIC,0.0,1.0,500,2.02824,1.03631,0.01716,12.30709,1.83528,0.18944,0.38272,0.0038,0.03627,0.72
1,42,hybrid,HYBRID_ALPHA0.1_BETA0.9,0.1,0.9,100,1.36783,0.90554,0.10986,2.80263,1.35944,0.19509,0.24344,0.00547,0.05356,0.5
1,42,hybrid,HYBRID_ALPHA0.2_BETA0.8,0.2,0.8,100,1.4825,0.92054,0.12788,2.76303,1.35135,0.19327,0.24078,0.00532,0.06025,0.6
1,42,hybrid,HYBRID_ALPHA0.3_BETA0.7,0.3,0.7,100,1.44295,0.9078,0.12417,2.76907,1.35294,0.19457,0.24083,0.00531,0.05981,0.6
1,42,hybrid,HYBRID_ALPHA0.4_BETA0.6,0.4,0.6,100,1.4137,0.89854,0.12151,2.76275,1.35278,0.19471,0.2415,0.00527,0.0595,0.55
1,42,hybrid,HYBRID_ALPHA0.5_BETA0.5,0.5,0.5,100,1.43874,0.90571,0.12448,2.76006,1.35287,0.19545,0.24203,0.00528,0.05973,0.6
1,42,hybrid,HYBRID_ALPHA0.6_BETA0.4,0.6,0.4,100,1.43784,0.9054,0.12467,2.75909,1.35326,0.19615,0.24233,0.00529,0.05961,0.6
1,42,hybrid,HYBRID_ALPHA0.7_BETA0.3,0.7,0.3,100,1.40658,0.89498,0.12281,2.75853,1.3537,0.19641,0.24244,0.00528,0.05932,0.6
1,42,hybrid,HYBRID_ALPHA0.8_BETA0.2,0.8,0.2,100,1.40382,0.89297,0.12302,2.75898,1.35435,0.19679,0.24247,0.00529,0.05934,0.55
1,42,hybrid,HYBRID_ALPHA0.9_BETA0.1,0.9,0.1,100,1.43332,0.90233,0.12546,2.7564,1.35451,0.19697,0.2424,0.00529,0.05957,0.6
1,42,hybrid,HYBRID_ALPHA0.1_BETA0.9,0.1,0.9,300,1.23895,0.86226,0.04518,1.33595,0.92668,0.03446,0.10053,0.00195,0.02746,0.51667
1,42,hybrid,HYBRID_ALPHA0.2_BETA0.8,0.2,0.8,300,1.2671,0.86143,0.04771,1.25243,0.89922,0.0275,0.09673,0.00212,0.02688,0.51667
1,42,hybrid,HYBRID_ALPHA0.3_BETA0.7,0.3,0.7,300,1.26072,0.86048,0.04862,1.21564,0.88572,0.02718,0.09015,0.00211,0.02632,0.56667
1,42,hybrid,HYBRID_ALPHA0.4_BETA0.6,0.4,0.6,300,1.24966,0.85991,0.0495,1.2805,0.90595,0.03357,0.09941,0.00208,0.02817,0.55
1,42,hybrid,HYBRID_ALPHA0.5_BETA0.5,0.5,0.5,300,1.22883,0.85861,0.05046,1.58409,0.99445,0.0699,0.14584,0.00219,0.03547,0.5
1,42,hybrid,HYBRID_ALPHA0.6_BETA0.4,0.6,0.4,300,1.21302,0.85589,0.04965,1.46528,0.9544,0.05067,0.1273,0.00187,0.03276,0.53333
1,42,hybrid,HYBRID_ALPHA0.7_BETA0.3,0.7,0.3,300,1.20643,0.85746,0.05129,1.45176,0.94295,0.04788,0.12137,0.00185,0.03213,0.53333
1,42,hybrid,HYBRID_ALPHA0.8_BETA0.2,0.8,0.2,300,1.20437,0.8543,0.05155,1.43542,0.93583,0.04711,0.11773,0.00163,0.03181,0.6
1,42,hybrid,HYBRID_ALPHA0.9_BETA0.1,0.9,0.1,300,1.25933,0.85857,0.05195,1.22395,0.81641,0.01609,0.03676,0.00201,0.02328,0.51667
1,42,hybrid,HYBRID_ALPHA0.1_BETA0.9,0.1,0.9,500,1.4771,0.87511,0.0199,1.94141,1.00044,0.04007,0.06332,0.00123,0.00867,0.62
1,42,hybrid,HYBRID_ALPHA0.2_BETA0.8,0.2,0.8,500,1.5241,0.87524,0.01833,1.98713,0.99266,0.0414,0.06796,0.00107,0.0089,0.57
1,42,hybrid,HYBRID_ALPHA0.3_BETA0.7,0.3,0.7,500,1.48809,0.86887,0.01693,2.01892,0.99299,0.04539,0.07331,0.00115,0.0088,0.6
1,42,hybrid,HYBRID_ALPHA0.4_BETA0.6,0.4,0.6,500,1.46482,0.86573,0.0159,2.00608,0.98617,0.04516,0.06993,0.00113,0.00852,0.64
1,42,hybrid,HYBRID_ALPHA0.5_BETA0.5,0.5,0.5,500,1.44783,0.8656,0.01583,2.00978,0.9829,0.04627,0.06853,0.00115,0.0084,0.6
1,42,hybrid,HYBRID_ALPHA0.6_BETA0.4,0.6,0.4,500,1.39817,0.86445,0.01983,2.03243,0.98474,0.04915,0.0696,0.00138,0.00885,0.63
1,42,hybrid,HYBRID_ALPHA0.7_BETA0.3,0.7,0.3,500,1.39536,0.86445,0.02025,2.0499,0.98602,0.05156,0.07057,0.00144,0.00877,0.61
1,42,hybrid,HYBRID_ALPHA0.8_BETA0.2,0.8,0.2,500,1.39342,0.86428,0.02035,2.09321,0.99276,0.05542,0.0754,0.00152,0.00882,0.63
1,42,hybrid,HYBRID_ALPHA0.9_BETA0.1,0.9,0.1,500,1.39627,0.8637,0.01976,2.09873,0.99367,0.05672,0.07719,0.00155,0.00868,0.6
1,42,mse,MSE,1.0,0.0,100,1.43197,0.90185,0.1254,2.76351,1.35737,0.1979,0.24345,0.00531,0.05927,0.55
1,42,mse,MSE,1.0,0.0,300,1.18882,0.84865,0.05202,1.13313,0.8051,0.01534,0.03525,0.0019,0.02283,0.51667
1,42,mse,MSE,1.0,0.0,500,1.41827,0.86517,0.01923,2.11755,0.99669,0.05905,0.08048,0.0016,0.00867,0.59
2,43,hsic,HSIC,0.0,1.0,100,1.63266,0.92467,0.19359,4.99586,1.49028,0.38073,0.32462,0.00405,0.07442,0.65
2,43,hsic,HSIC,0.0,1.0,300,1.19641,0.84894,0.04631,5.90547,1.53781,0.09107,0.10692,0.00326,0.04402,0.51667
2,43,hsic,HSIC,0.0,1.0,500,1.93498,1.12569,0.02498,6.89394,1.72456,0.21337,0.3305,0.00547,0.03263,0.71
2,43,hybrid,HYBRID_ALPHA0.1_BETA0.9,0.1,0.9,100,1.23079,0.80003,0.15291,1.30767,0.87601,0.11322,0.01628,0.00389,0.02295,0.65
2,43,hybrid,HYBRID_ALPHA0.2_BETA0.8,0.2,0.8,100,1.08768,0.75747,0.13198,1.0467,0.77853,0.09984,0.01146,0.00319,0.02137,0.7
2,43,hybrid,HYBRID_ALPHA0.3_BETA0.7,0.3,0.7,100,0.9879,0.73442,0.10866,0.98941,0.76854,0.10038,0.01736,0.00271,0.01942,0.65
2,43,hybrid,HYBRID_ALPHA0.4_BETA0.6,0.4,0.6,100,0.93437,0.72389,0.07883,1.01321,0.79985,0.10013,0.02649,0.0022,0.01689,0.55
2,43,hybrid,HYBRID_ALPHA0.5_BETA0.5,0.5,0.5,100,0.94782,0.73548,0.0982,1.00439,0.79471,0.09762,0.02451,0.00219,0.01665,0.5
2,43,hybrid,HYBRID_ALPHA0.6_BETA0.4,0.6,0.4,100,0.95322,0.73516,0.09916,1.00931,0.80465,0.09965,0.02533,0.0023,0.01704,0.55
2,43,hybrid,HYBRID_ALPHA0.7_BETA0.3,0.7,0.3,100,0.97317,0.74092,0.08484,1.0509,0.84038,0.09952,0.03103,0.00246,0.01817,0.55
2,43,hybrid,HYBRID_ALPHA0.8_BETA0.2,0.8,0.2,100,0.98837,0.7503,0.06961,1.04711,0.83815,0.09969,0.03007,0.00228,0.0188,0.55
2,43,hybrid,HYBRID_ALPHA0.9_BETA0.1,0.9,0.1,100,0.996,0.75399,0.07738,1.04533,0.84041,0.10368,0.02825,0.00239,0.0188,0.55
2,43,hybrid,HYBRID_ALPHA0.1_BETA0.9,0.1,0.9,300,1.08193,0.82684,0.04281,1.48449,0.992,0.05679,0.11819,0.00249,0.02211,0.55
2,43,hybrid,HYBRID_ALPHA0.2_BETA0.8,0.2,0.8,300,1.05694,0.81872,0.04126,1.1723,0.86537,0.02253,0.0822,0.00244,0.01791,0.55
2,43,hybrid,HYBRID_ALPHA0.3_BETA0.7,0.3,0.7,300,1.05594,0.82024,0.04147,1.43699,0.97731,0.04145,0.11279,0.00289,0.02424,0.56667
2,43,hybrid,HYBRID_ALPHA0.4_BETA0.6,0.4,0.6,300,1.05881,0.82133,0.04085,1.43977,0.97784,0.03566,0.10607,0.00294,0.02555,0.56667
2,43,hybrid,HYBRID_ALPHA0.5_BETA0.5,0.5,0.5,300,1.0622,0.82199,0.0404,1.43553,0.97546,0.03335,0.10388,0.00298,0.0263,0.61667
2,43,hybrid,HYBRID_ALPHA0.6_BETA0.4,0.6,0.4,300,1.0648,0.82237,0.0402,1.3374,0.93498,0.03433,0.09849,0.00253,0.02105,0.51667
2,43,hybrid,HYBRID_ALPHA0.7_BETA0.3,0.7,0.3,300,1.06369,0.82207,0.0401,1.08262,0.83064,0.01751,0.05754,0.00255,0.01748,0.56667
2,43,hybrid,HYBRID_ALPHA0.8_BETA0.2,0.8,0.2,300,1.0636,0.82206,0.0403,1.08377,0.83051,0.01678,0.05491,0.00254,0.01739,0.58333
2,43,hybrid,HYBRID_ALPHA0.9_BETA0.1,0.9,0.1,300,1.09051,0.83167,0.04582,1.06643,0.82417,0.01647,0.0476,0.00255,0.01759,0.61667
2,43,hybrid,HYBRID_ALPHA0.1_BETA0.9,0.1,0.9,500,1.06935,0.84164,0.01185,1.13286,0.83293,0.01982,0.0167,0.00127,0.00549,0.52
2,43,hybrid,HYBRID_ALPHA0.2_BETA0.8,0.2,0.8,500,1.05133,0.83503,0.01012,1.51543,0.93931,0.04258,0.06618,0.00147,0.00697,0.52
2,43,hybrid,HYBRID_ALPHA0.3_BETA0.7,0.3,0.7,500,1.0317,0.82746,0.00864,1.56248,0.95507,0.05367,0.06119,0.00146,0.00723,0.58
2,43,hybrid,HYBRID_ALPHA0.4_BETA0.6,0.4,0.6,500,1.02467,0.82336,0.00817,1.51467,0.94356,0.05512,0.06166,0.00142,0.00733,0.6
2,43,hybrid,HYBRID_ALPHA0.5_BETA0.5,0.5,0.5,500,1.02016,0.8207,0.00791,1.4548,0.92839,0.05625,0.0592,0.00136,0.00745,0.54
2,43,hybrid,HYBRID_ALPHA0.6_BETA0.4,0.6,0.4,500,1.01825,0.81956,0.00767,1.41872,0.91667,0.05745,0.05434,0.0013,0.00757,0.5
2,43,hybrid,HYBRID_ALPHA0.7_BETA0.3,0.7,0.3,500,1.01938,0.821,0.00762,1.40173,0.91145,0.05846,0.05323,0.00132,0.00762,0.51
2,43,hybrid,HYBRID_ALPHA0.8_BETA0.2,0.8,0.2,500,1.01881,0.82075,0.00781,1.38905,0.90787,0.05946,0.05288,0.00132,0.00765,0.51
2,43,hybrid,HYBRID_ALPHA0.9_BETA0.1,0.9,0.1,500,1.03416,0.82921,0.01049,1.37751,0.90455,0.06046,0.05243,0.0013,0.00767,0.54
2,43,mse,MSE,1.0,0.0,100,1.03714,0.77578,0.09932,1.03223,0.83731,0.11086,0.02519,0.00247,0.01876,0.65
2,43,mse,MSE,1.0,0.0,300,1.0885,0.83184,0.04624,1.04885,0.81936,0.01769,0.03864,0.00245,0.01748,0.63333
2,43,mse,MSE,1.0,0.0,500,1.02897,0.8255,0.00995,1.36851,0.90188,0.06169,0.05219,0.0013,0.00768,0.52
3,44,hsic,HSIC,0.0,1.0,100,1.25717,0.95163,0.07758,2.89628,1.27294,0.11561,0.12885,0.00346,0.12368,0.7
3,44,hsic,HSIC,0.0,1.0,300,1.42011,0.97105,0.02904,6.04988,1.5976,0.14821,0.29208,0.00415,0.03269,0.58333
3,44,hsic,HSIC,0.0,1.0,500,1.83752,1.02635,0.0411,6.68496,1.74409,0.20601,0.40804,0.00341,0.04203,0.75
3,44,hybrid,HYBRID_ALPHA0.1_BETA0.9,0.1,0.9,100,1.2568,0.95151,0.07768,2.66559,1.227,0.06749,0.10438,0.00358,0.08439,0.55
3,44,hybrid,HYBRID_ALPHA0.2_BETA0.8,0.2,0.8,100,1.25553,0.95113,0.07772,2.59435,1.18979,0.06847,0.09702,0.0036,0.08362,0.55
3,44,hybrid,HYBRID_ALPHA0.3_BETA0.7,0.3,0.7,100,1.2553,0.95102,0.07768,2.55484,1.16596,0.07009,0.09247,0.00353,0.08326,0.55
3,44,hybrid,HYBRID_ALPHA0.4_BETA0.6,0.4,0.6,100,1.21145,0.93294,0.07259,2.53233,1.16231,0.07393,0.08816,0.00337,0.08247,0.6
3,44,hybrid,HYBRID_ALPHA0.5_BETA0.5,0.5,0.5,100,1.19457,0.92005,0.06994,2.50659,1.14525,0.07628,0.08595,0.00326,0.08189,0.6
3,44,hybrid,HYBRID_ALPHA0.6_BETA0.4,0.6,0.4,100,1.19589,0.91798,0.06883,2.42546,1.125,0.07597,0.08512,0.00319,0.08103,0.6
3,44,hybrid,HYBRID_ALPHA0.7_BETA0.3,0.7,0.3,100,1.20046,0.91568,0.06759,2.54938,1.16727,0.08323,0.08681,0.00321,0.08491,0.65
3,44,hybrid,HYBRID_ALPHA0.8_BETA0.2,0.8,0.2,100,1.20136,0.91522,0.0669,2.60331,1.18932,0.08882,0.09243,0.00325,0.08776,0.6
3,44,hybrid,HYBRID_ALPHA0.9_BETA0.1,0.9,0.1,100,1.20462,0.91653,0.06781,2.60986,1.19485,0.09104,0.09485,0.00326,0.08876,0.55
3,44,hybrid,HYBRID_ALPHA0.1_BETA0.9,0.1,0.9,300,1.22018,0.86845,0.03396,2.24614,1.16167,0.08417,0.10229,0.00103,0.00887,0.51667
3,44,hybrid,HYBRID_ALPHA0.2_BETA0.8,0.2,0.8,300,1.15754,0.85533,0.02675,2.70974,1.22748,0.10264,0.09093,0.00106,0.01068,0.6
3,44,hybrid,HYBRID_ALPHA0.3_BETA0.7,0.3,0.7,300,1.15368,0.8521,0.0249,1.98665,1.06263,0.08308,0.06934,0.00072,0.01039,0.5
3,44,hybrid,HYBRID_ALPHA0.4_BETA0.6,0.4,0.6,300,1.16811,0.85268,0.02367,1.87234,1.03211,0.07934,0.06414,0.00069,0.0103,0.56667
3,44,hybrid,HYBRID_ALPHA0.5_BETA0.5,0.5,0.5,300,1.16143,0.85098,0.02276,1.82968,1.019,0.078,0.05867,0.00068,0.01073,0.53333
3,44,hybrid,HYBRID_ALPHA0.6_BETA0.4,0.6,0.4,300,1.11939,0.83613,0.02187,1.81635,1.01465,0.0806,0.05349,0.0007,0.01167,0.51667
3,44,hybrid,HYBRID_ALPHA0.7_BETA0.3,0.7,0.3,300,1.09087,0.83785,0.02321,1.43421,0.91078,0.03471,0.05682,0.00138,0.00915,0.5
3,44,hybrid,HYBRID_ALPHA0.8_BETA0.2,0.8,0.2,300,1.0727,0.82513,0.01677,1.44072,0.91063,0.0358,0.0548,0.00119,0.00957,0.5
3,44,hybrid,HYBRID_ALPHA0.9_BETA0.1,0.9,0.1,300,1.0742,0.83552,0.02225,1.44361,0.91023,0.03661,0.05214,0.00118,0.00924,0.51667
3,44,hybrid,HYBRID_ALPHA0.1_BETA0.9,0.1,0.9,500,1.23613,0.84515,0.04667,1.63176,1.02627,0.05336,0.05281,0.00133,0.00595,0.57
3,44,hybrid,HYBRID_ALPHA0.2_BETA0.8,0.2,0.8,500,1.19253,0.82959,0.03544,1.16772,0.85772,0.02796,0.044,0.00049,0.00408,0.52
3,44,hybrid,HYBRID_ALPHA0.3_BETA0.7,0.3,0.7,500,1.18471,0.8278,0.03296,1.09033,0.82971,0.02373,0.04147,0.00051,0.00374,0.51
3,44,hybrid,HYBRID_ALPHA0.4_BETA0.6,0.4,0.6,500,1.17606,0.82704,0.03013,1.06794,0.8231,0.02203,0.0406,0.00055,0.0036,0.54
3,44,hybrid,HYBRID_ALPHA0.5_BETA0.5,0.5,0.5,500,1.17605,0.82701,0.02875,1.05964,0.82553,0.01865,0.04081,0.00071,0.00354,0.55
3,44,hybrid,HYBRID_ALPHA0.6_BETA0.4,0.6,0.4,500,1.17638,0.82857,0.02888,1.11752,0.83909,0.03047,0.04913,0.00066,0.00416,0.63
3,44,hybrid,HYBRID_ALPHA0.7_BETA0.3,0.7,0.3,500,1.89356,1.02738,0.20105,1.1084,0.83566,0.02856,0.0487,0.00089,0.01183,0.61
3,44,hybrid,HYBRID_ALPHA0.8_BETA0.2,0.8,0.2,500,1.89066,1.02743,0.20279,1.11142,0.8376,0.03024,0.05103,0.00092,0.01209,0.59
3,44,hybrid,HYBRID_ALPHA0.9_BETA0.1,0.9,0.1,500,2.09806,1.07156,0.22918,1.00169,0.77737,0.00637,0.00975,0.00093,0.01058,0.56
3,44,mse,MSE,1.0,0.0,100,1.20602,0.91707,0.06794,2.60781,1.19564,0.09108,0.09599,0.00327,0.08943,0.6
3,44,mse,MSE,1.0,0.0,300,1.10673,0.83592,0.02293,1.32873,0.89665,0.03664,0.04894,0.00124,0.00799,0.53333
3,44,mse,MSE,1.0,0.0,500,2.33977,1.12019,0.2478,1.00865,0.77977,0.00676,0.00961,0.00095,0.01231,0.62
4,45,hsic,HSIC,0.0,1.0,100,1.64985,0.92547,0.05492,4.03186,1.4063,0.10905,0.32233,0.00771,0.05989,0.6
4,45,hsic,HSIC,0.0,1.0,300,1.83918,1.03043,0.02227,5.50018,1.55085,0.17029,0.32847,0.00491,0.03829,0.63333
4,45,hsic,HSIC,0.0,1.0,500,2.3972,1.28347,0.01798,4.6335,1.53159,0.16866,0.25413,0.00421,0.05276,0.69
4,45,hybrid,HYBRID_ALPHA0.1_BETA0.9,0.1,0.9,100,1.49991,0.99623,0.04159,2.05767,1.05592,0.11244,0.14302,0.00443,0.05103,0.5
4,45,hybrid,HYBRID_ALPHA0.2_BETA0.8,0.2,0.8,100,1.7068,1.03742,0.04726,2.23292,1.08026,0.12763,0.15345,0.00482,0.05505,0.5
4,45,hybrid,HYBRID_ALPHA0.3_BETA0.7,0.3,0.7,100,1.60594,1.02481,0.05332,2.22061,1.07046,0.12975,0.15262,0.00497,0.05237,0.65
4,45,hybrid,HYBRID_ALPHA0.4_BETA0.6,0.4,0.6,100,1.56139,1.02334,0.05642,2.22499,1.07597,0.12925,0.14953,0.00464,0.05454,0.5
4,45,hybrid,HYBRID_ALPHA0.5_BETA0.5,0.5,0.5,100,1.58856,1.02783,0.04834,2.08583,1.05174,0.12139,0.13131,0.00464,0.04976,0.55
4,45,hybrid,HYBRID_ALPHA0.6_BETA0.4,0.6,0.4,100,1.89389,1.08985,0.25091,2.26034,1.08207,0.11887,0.13584,0.00369,0.0708,0.55
4,45,hybrid,HYBRID_ALPHA0.7_BETA0.3,0.7,0.3,100,1.93292,1.08028,0.27222,1.97995,1.04385,0.12041,0.13426,0.00398,0.07077,0.65
4,45,hybrid,HYBRID_ALPHA0.8_BETA0.2,0.8,0.2,100,1.94912,1.07714,0.2771,2.00038,1.05441,0.12351,0.13458,0.00408,0.0707,0.65
4,45,hybrid,HYBRID_ALPHA0.9_BETA0.1,0.9,0.1,100,1.95129,1.07733,0.27802,3.27318,1.20496,0.13558,0.14619,0.00485,0.07024,0.65
4,45,hybrid,HYBRID_ALPHA0.1_BETA0.9,0.1,0.9,300,1.20355,0.86642,0.01294,1.45049,0.97283,0.01743,0.07153,0.00224,0.01434,0.5
4,45,hybrid,HYBRID_ALPHA0.2_BETA0.8,0.2,0.8,300,1.17939,0.86093,0.01055,1.3932,0.95446,0.01773,0.0707,0.00218,0.01462,0.51667
4,45,hybrid,HYBRID_ALPHA0.3_BETA0.7,0.3,0.7,300,1.16674,0.85687,0.00896,1.3543,0.93973,0.01764,0.0661,0.00207,0.01468,0.5
4,45,hybrid,HYBRID_ALPHA0.4_BETA0.6,0.4,0.6,300,1.15086,0.85378,0.00795,1.33264,0.9315,0.01841,0.06234,0.00192,0.01466,0.51667
4,45,hybrid,HYBRID_ALPHA0.5_BETA0.5,0.5,0.5,300,1.11183,0.8393,0.00467,1.32516,0.92858,0.01941,0.06034,0.00182,0.01408,0.5
4,45,hybrid,HYBRID_ALPHA0.6_BETA0.4,0.6,0.4,300,1.11032,0.83833,0.0046,1.32908,0.92849,0.02048,0.06037,0.00184,0.01437,0.53333
4,45,hybrid,HYBRID_ALPHA0.7_BETA0.3,0.7,0.3,300,1.10469,0.83584,0.00448,1.33909,0.93081,0.02184,0.06123,0.00181,0.01443,0.51667
4,45,hybrid,HYBRID_ALPHA0.8_BETA0.2,0.8,0.2,300,1.11256,0.8412,0.00415,1.35362,0.93481,0.02322,0.06293,0.00178,0.01457,0.53333
4,45,hybrid,HYBRID_ALPHA0.9_BETA0.1,0.9,0.1,300,1.17666,0.86032,0.01145,1.36324,0.93605,0.02551,0.06467,0.00194,0.01592,0.55
4,45,hybrid,HYBRID_ALPHA0.1_BETA0.9,0.1,0.9,500,1.12846,0.84837,0.01668,1.88911,1.08589,0.07223,0.04851,0.00081,0.0084,0.55
4,45,hybrid,HYBRID_ALPHA0.2_BETA0.8,0.2,0.8,500,1.11335,0.84217,0.0152,1.86276,1.0802,0.06842,0.05068,0.00095,0.00813,0.56
4,45,hybrid,HYBRID_ALPHA0.3_BETA0.7,0.3,0.7,500,1.09181,0.83247,0.01403,1.82813,1.07035,0.06764,0.05038,0.00093,0.0079,0.56
4,45,hybrid,HYBRID_ALPHA0.4_BETA0.6,0.4,0.6,500,1.07739,0.82496,0.01267,1.82368,1.0685,0.0684,0.05071,0.00094,0.00764,0.54
4,45,hybrid,HYBRID_ALPHA0.5_BETA0.5,0.5,0.5,500,1.07426,0.82152,0.01306,1.84485,1.07358,0.07137,0.05426,0.00098,0.00766,0.52
4,45,hybrid,HYBRID_ALPHA0.6_BETA0.4,0.6,0.4,500,1.07061,0.81972,0.01255,1.81542,1.06557,0.06933,0.04971,0.00096,0.00719,0.5
4,45,hybrid,HYBRID_ALPHA0.7_BETA0.3,0.7,0.3,500,1.06512,0.81536,0.01258,1.57966,0.99796,0.0322,0.02082,0.00088,0.00424,0.51
4,45,hybrid,HYBRID_ALPHA0.8_BETA0.2,0.8,0.2,500,1.06362,0.81269,0.01256,1.66316,1.025,0.0537,0.02833,0.00086,0.00518,0.54
4,45,hybrid,HYBRID_ALPHA0.9_BETA0.1,0.9,0.1,500,1.06511,0.81291,0.01272,1.65448,1.02331,0.05663,0.03104,0.00089,0.00555,0.58
4,45,mse,MSE,1.0,0.0,100,1.95738,1.07958,0.27998,3.45361,1.23242,0.14182,0.15097,0.00496,0.07026,0.65
4,45,mse,MSE,1.0,0.0,300,1.15731,0.85546,0.00926,1.38528,0.94095,0.02858,0.06893,0.00193,0.01607,0.55
4,45,mse,MSE,1.0,0.0,500,1.05785,0.80839,0.00919,1.64662,1.02186,0.05883,0.03356,0.00089,0.00608,0.52
5,46,hsic,HSIC,0.0,1.0,100,2.85395,1.1953,0.28697,9.84245,2.08187,0.31055,0.55272,0.00321,0.06913,0.6
5,46,hsic,HSIC,0.0,1.0,300,1.84253,1.07612,0.02296,5.7672,1.67805,0.20632,0.36777,0.00412,0.06352,0.63333
5,46,hsic,HSIC,0.0,1.0,500,1.66226,1.04628,0.01214,4.77308,1.57121,0.21825,0.30532,0.00399,0.0555,0.72
5,46,hybrid,HYBRID_ALPHA0.1_BETA0.9,0.1,0.9,100,2.48704,1.12352,0.27903,7.87384,1.96075,0.31906,0.55157,0.00315,0.06719,0.55
5,46,hybrid,HYBRID_ALPHA0.2_BETA0.8,0.2,0.8,100,2.25131,1.07672,0.27664,7.85127,1.95875,0.31904,0.55156,0.00307,0.06738,0.55
5,46,hybrid,HYBRID_ALPHA0.3_BETA0.7,0.3,0.7,100,2.37848,1.09367,0.28741,7.8485,1.95856,0.31905,0.55157,0.00325,0.06778,0.6
5,46,hybrid,HYBRID_ALPHA0.4_BETA0.6,0.4,0.6,100,2.30734,1.08429,0.28821,7.84652,1.95827,0.31891,0.55131,0.00323,0.06794,0.6
5,46,hybrid,HYBRID_ALPHA0.5_BETA0.5,0.5,0.5,100,2.3398,1.09024,0.2905,7.84609,1.95813,0.31882,0.55111,0.00329,0.06851,0.65
5,46,hybrid,HYBRID_ALPHA0.6_BETA0.4,0.6,0.4,100,1.64362,1.00449,0.21392,7.84486,1.95775,0.31882,0.5511,0.00398,0.06839,0.6
5,46,hybrid,HYBRID_ALPHA0.7_BETA0.3,0.7,0.3,100,1.64996,1.00412,0.21384,7.84069,1.95658,0.31857,0.55058,0.00399,0.0684,0.7
5,46,hybrid,HYBRID_ALPHA0.8_BETA0.2,0.8,0.2,100,1.65282,1.00591,0.2092,7.83951,1.95648,0.31852,0.55049,0.00436,0.06786,0.65
5,46,hybrid,HYBRID_ALPHA0.9_BETA0.1,0.9,0.1,100,1.57315,0.97037,0.20469,7.84321,1.95757,0.31875,0.55096,0.00459,0.06628,0.7
5,46,hybrid,HYBRID_ALPHA0.1_BETA0.9,0.1,0.9,300,1.12602,0.81525,0.02253,2.21434,1.19676,0.07395,0.05195,0.00178,0.01437,0.55
5,46,hybrid,HYBRID_ALPHA0.2_BETA0.8,0.2,0.8,300,1.11123,0.80954,0.02204,2.04616,1.14021,0.07059,0.06537,0.00185,0.01574,0.58333
5,46,hybrid,HYBRID_ALPHA0.3_BETA0.7,0.3,0.7,300,1.08592,0.80446,0.02139,1.89889,1.09057,0.06931,0.0639,0.00172,0.01677,0.58333
5,46,hybrid,HYBRID_ALPHA0.4_BETA0.6,0.4,0.6,300,1.08064,0.80051,0.0206,1.78981,1.05332,0.06849,0.06298,0.00149,0.01713,0.58333
5,46,hybrid,HYBRID_ALPHA0.5_BETA0.5,0.5,0.5,300,1.09052,0.80199,0.01997,1.71571,1.02835,0.06746,0.06277,0.00141,0.01781,0.55
5,46,hybrid,HYBRID_ALPHA0.6_BETA0.4,0.6,0.4,300,1.08698,0.80083,0.01998,1.38763,0.92908,0.04339,0.04797,0.00097,0.01454,0.55
5,46,hybrid,HYBRID_ALPHA0.7_BETA0.3,0.7,0.3,300,1.09341,0.80806,0.02309,1.43591,0.94354,0.05225,0.05415,0.00101,0.01606,0.56667
5,46,hybrid,HYBRID_ALPHA0.8_BETA0.2,0.8,0.2,300,1.08027,0.80369,0.02102,1.38733,0.92731,0.03755,0.05734,0.00093,0.01526,0.51667
5,46,hybrid,HYBRID_ALPHA0.9_BETA0.1,0.9,0.1,300,1.07121,0.80073,0.01974,1.15696,0.8687,0.00589,0.04326,0.00131,0.00889,0.55
5,46,hybrid,HYBRID_ALPHA0.1_BETA0.9,0.1,0.9,500,1.03427,0.81643,0.01429,2.08094,1.07413,0.07527,0.07663,0.00127,0.01064,0.59
5,46,hybrid,HYBRID_ALPHA0.2_BETA0.8,0.2,0.8,500,1.03017,0.81479,0.01449,2.11408,1.08325,0.08331,0.09514,0.00141,0.01052,0.56
5,46,hybrid,HYBRID_ALPHA0.3_BETA0.7,0.3,0.7,500,1.027,0.81486,0.01443,1.14947,0.84465,0.06892,0.06879,0.00146,0.00362,0.5
5,46,hybrid,HYBRID_ALPHA0.4_BETA0.6,0.4,0.6,500,1.02539,0.81384,0.01428,1.14843,0.8439,0.07091,0.06816,0.00146,0.00357,0.52
5,46,hybrid,HYBRID_ALPHA0.5_BETA0.5,0.5,0.5,500,1.00702,0.80571,0.01954,1.13754,0.83989,0.06971,0.06698,0.00138,0.0032,0.54
5,46,hybrid,HYBRID_ALPHA0.6_BETA0.4,0.6,0.4,500,1.00749,0.80557,0.01987,1.13638,0.83879,0.07143,0.06638,0.00135,0.00319,0.55
5,46,hybrid,HYBRID_ALPHA0.7_BETA0.3,0.7,0.3,500,1.00686,0.80563,0.02039,1.13806,0.83898,0.07359,0.066,0.00134,0.00319,0.51
5,46,hybrid,HYBRID_ALPHA0.8_BETA0.2,0.8,0.2,500,1.00709,0.80537,0.02047,1.13699,0.83829,0.07605,0.06498,0.0013,0.00316,0.53
5,46,hybrid,HYBRID_ALPHA0.9_BETA0.1,0.9,0.1,500,1.00704,0.80501,0.02063,1.12973,0.83591,0.07613,0.06372,0.00124,0.00308,0.52
5,46,mse,MSE,1.0,0.0,100,1.59202,0.9939,0.1821,7.84288,1.95754,0.31876,0.55098,0.00434,0.06661,0.6
5,46,mse,MSE,1.0,0.0,300,1.07277,0.80163,0.01947,1.15981,0.86879,0.00643,0.04707,0.00136,0.00922,0.53333
5,46,mse,MSE,1.0,0.0,500,1.0233,0.80849,0.01334,1.12788,0.83524,0.07841,0.06266,0.00114,0.00326,0.58
6,47,hsic,HSIC,0.0,1.0,100,2.29744,1.15789,0.34305,4.69416,1.51375,0.16109,0.43688,0.00565,0.05313,0.7
6,47,hsic,HSIC,0.0,1.0,300,2.4024,1.22173,0.02436,6.55981,1.72195,0.21842,0.29403,0.0046,0.03796,0.61667
6,47,hsic,HSIC,0.0,1.0,500,2.14737,1.18195,0.00958,5.35422,1.6571,0.21031,0.36642,0.00413,0.02625,0.62
6,47,hybrid,HYBRID_ALPHA0.1_BETA0.9,0.1,0.9,100,1.98876,1.0514,0.33262,2.28214,1.15413,0.13486,0.33182,0.00443,0.04574,0.7
6,47,hybrid,HYBRID_ALPHA0.2_BETA0.8,0.2,0.8,100,1.87877,1.01318,0.32506,1.43186,0.93446,0.08786,0.24396,0.00164,0.04176,0.7
6,47,hybrid,HYBRID_ALPHA0.3_BETA0.7,0.3,0.7,100,1.84541,1.00535,0.32368,1.44344,0.93731,0.08629,0.24292,0.0019,0.0413,0.7
6,47,hybrid,HYBRID_ALPHA0.4_BETA0.6,0.4,0.6,100,1.80009,0.99519,0.31835,1.71424,0.99128,0.08329,0.22869,0.00297,0.04108,0.75
6,47,hybrid,HYBRID_ALPHA0.5_BETA0.5,0.5,0.5,100,1.81394,0.99848,0.32014,1.46761,0.95461,0.09277,0.25069,0.00232,0.04022,0.7
6,47,hybrid,HYBRID_ALPHA0.6_BETA0.4,0.6,0.4,100,1.82457,1.0008,0.32128,1.44031,0.94729,0.09388,0.24975,0.00212,0.04151,0.7
6,47,hybrid,HYBRID_ALPHA0.7_BETA0.3,0.7,0.3,100,1.945,1.03177,0.33318,1.4459,0.95156,0.09726,0.25388,0.00208,0.04201,0.7
6,47,hybrid,HYBRID_ALPHA0.8_BETA0.2,0.8,0.2,100,2.00029,1.04662,0.33651,1.5336,0.97304,0.09566,0.25028,0.00275,0.0421,0.7
6,47,hybrid,HYBRID_ALPHA0.9_BETA0.1,0.9,0.1,100,2.03541,1.0566,0.33706,1.51553,0.97192,0.09916,0.25587,0.00264,0.04222,0.7
6,47,hybrid,HYBRID_ALPHA0.1_BETA0.9,0.1,0.9,300,1.26057,0.93102,0.01419,1.52158,0.99144,0.0677,0.05959,0.00159,0.00827,0.51667
6,47,hybrid,HYBRID_ALPHA0.2_BETA0.8,0.2,0.8,300,1.23954,0.92667,0.01518,1.65923,1.02679,0.08747,0.07395,0.00171,0.00921,0.5
6,47,hybrid,HYBRID_ALPHA0.3_BETA0.7,0.3,0.7,300,1.20631,0.90943,0.01935,1.67657,1.03072,0.08833,0.07785,0.00171,0.00913,0.55
6,47,hybrid,HYBRID_ALPHA0.4_BETA0.6,0.4,0.6,300,1.21435,0.91179,0.02019,1.65492,1.02409,0.08868,0.07582,0.00171,0.00912,0.55
6,47,hybrid,HYBRID_ALPHA0.5_BETA0.5,0.5,0.5,300,1.22678,0.91642,0.02065,1.64795,1.02201,0.09126,0.07414,0.00171,0.00923,0.53333
6,47,hybrid,HYBRID_ALPHA0.6_BETA0.4,0.6,0.4,300,1.24705,0.92402,0.02178,1.64542,1.02194,0.09579,0.07571,0.00176,0.00933,0.53333
6,47,hybrid,HYBRID_ALPHA0.7_BETA0.3,0.7,0.3,300,1.25514,0.9286,0.01993,1.64595,1.02259,0.1003,0.07744,0.00179,0.00971,0.51667
6,47,hybrid,HYBRID_ALPHA0.8_BETA0.2,0.8,0.2,300,1.26585,0.93427,0.01877,1.64792,1.02395,0.10347,0.07929,0.00181,0.00988,0.53333
6,47,hybrid,HYBRID_ALPHA0.9_BETA0.1,0.9,0.1,300,1.27377,0.93572,0.01975,1.65491,1.02703,0.10742,0.08345,0.00192,0.01018,0.55
6,47,hybrid,HYBRID_ALPHA0.1_BETA0.9,0.1,0.9,500,1.1205,0.84434,0.01036,1.71908,1.02391,0.02353,0.04606,0.00075,0.00664,0.53
6,47,hybrid,HYBRID_ALPHA0.2_BETA0.8,0.2,0.8,500,1.11615,0.84325,0.01007,1.08704,0.84288,0.01255,0.0055,0.00037,0.00558,0.51
6,47,hybrid,HYBRID_ALPHA0.3_BETA0.7,0.3,0.7,500,1.10825,0.84137,0.0095,1.08441,0.8434,0.0121,0.00564,0.0004,0.00555,0.53
6,47,hybrid,HYBRID_ALPHA0.4_BETA0.6,0.4,0.6,500,1.10464,0.83826,0.00939,1.07888,0.84137,0.01111,0.00515,0.00038,0.0048,0.53
6,47,hybrid,HYBRID_ALPHA0.5_BETA0.5,0.5,0.5,500,1.10157,0.83807,0.00902,1.0786,0.84144,0.01078,0.00557,0.00041,0.00484,0.51
6,47,hybrid,HYBRID_ALPHA0.6_BETA0.4,0.6,0.4,500,1.09524,0.83784,0.00859,1.06509,0.83353,0.0085,0.00591,0.00054,0.00463,0.57
6,47,hybrid,HYBRID_ALPHA0.7_BETA0.3,0.7,0.3,500,1.09996,0.8391,0.00845,1.53681,0.96804,0.02689,0.04779,0.00076,0.00688,0.54
6,47,hybrid,HYBRID_ALPHA0.8_BETA0.2,0.8,0.2,500,1.10209,0.8387,0.00774,1.50778,0.96006,0.02494,0.0445,0.00061,0.00726,0.52
6,47,hybrid,HYBRID_ALPHA0.9_BETA0.1,0.9,0.1,500,1.09886,0.83959,0.00798,1.5023,0.95925,0.02496,0.04537,0.00071,0.00693,0.51
6,47,mse,MSE,1.0,0.0,100,1.98379,1.04064,0.33295,1.50611,0.97163,0.10155,0.25933,0.00257,0.04208,0.7
6,47,mse,MSE,1.0,0.0,300,1.26427,0.93382,0.02123,1.65236,1.02717,0.11005,0.0846,0.00189,0.01063,0.53333
6,47,mse,MSE,1.0,0.0,500,1.09919,0.8399,0.00772,1.51346,0.96492,0.02823,0.04819,0.00076,0.00711,0.52
7,48,hsic,HSIC,0.0,1.0,100,2.57083,1.28313,0.12228,9.62749,1.91484,0.13595,0.24347,0.00561,0.03844,0.8
7,48,hsic,HSIC,0.0,1.0,300,1.37271,0.91424,0.03308,10.85774,2.15416,0.08451,0.07832,0.00259,0.28193,0.95
7,48,hsic,HSIC,0.0,1.0,500,3.48259,1.12869,0.0238,11.18475,1.86555,0.15738,0.31342,0.0063,0.07862,0.84
7,48,hybrid,HYBRID_ALPHA0.1_BETA0.9,0.1,0.9,100,1.55184,0.95349,0.09343,2.36944,1.25833,0.0589,0.08847,0.00214,0.03649,0.7
7,48,hybrid,HYBRID_ALPHA0.2_BETA0.8,0.2,0.8,100,1.58209,0.95563,0.09839,2.0472,1.08509,0.06718,0.02699,0.00239,0.0677,0.7
7,48,hybrid,HYBRID_ALPHA0.3_BETA0.7,0.3,0.7,100,1.50187,0.95289,0.08842,2.19693,1.16578,0.04705,0.0896,0.00203,0.04022,0.85
7,48,hybrid,HYBRID_ALPHA0.4_BETA0.6,0.4,0.6,100,1.65062,0.96752,0.10522,2.14593,1.13572,0.04815,0.08741,0.00214,0.04077,0.65
7,48,hybrid,HYBRID_ALPHA0.5_BETA0.5,0.5,0.5,100,1.62706,0.97469,0.10286,2.09646,1.10754,0.04972,0.08515,0.00214,0.0404,0.75
7,48,hybrid,HYBRID_ALPHA0.6_BETA0.4,0.6,0.4,100,1.50596,0.95412,0.09918,2.02115,1.06851,0.05504,0.07561,0.00214,0.04196,0.7
7,48,hybrid,HYBRID_ALPHA0.7_BETA0.3,0.7,0.3,100,1.62634,0.973,0.10983,1.97385,1.05908,0.04617,0.07281,0.00209,0.04219,0.7
7,48,hybrid,HYBRID_ALPHA0.8_BETA0.2,0.8,0.2,100,1.53085,0.95634,0.09979,2.12659,1.11913,0.05072,0.13205,0.00258,0.03504,0.75
7,48,hybrid,HYBRID_ALPHA0.9_BETA0.1,0.9,0.1,100,1.60324,0.96972,0.10941,2.11266,1.11541,0.04679,0.10981,0.00267,0.04171,0.8
7,48,hybrid,HYBRID_ALPHA0.1_BETA0.9,0.1,0.9,300,1.03873,0.78306,0.03396,2.05351,1.13963,0.12819,0.04565,0.00158,0.08753,0.8
7,48,hybrid,HYBRID_ALPHA0.2_BETA0.8,0.2,0.8,300,1.04515,0.78442,0.03454,1.81943,1.08299,0.11808,0.04747,0.00168,0.0865,0.76667
7,48,hybrid,HYBRID_ALPHA0.3_BETA0.7,0.3,0.7,300,1.04523,0.78647,0.03738,1.87067,1.07925,0.10885,0.0381,0.0019,0.07725,0.76667
7,48,hybrid,HYBRID_ALPHA0.4_BETA0.6,0.4,0.6,300,1.03413,0.78315,0.03653,1.86667,1.08221,0.11161,0.04315,0.00192,0.06837,0.7
7,48,hybrid,HYBRID_ALPHA0.5_BETA0.5,0.5,0.5,300,1.02496,0.7809,0.0357,1.83551,1.0644,0.10383,0.03494,0.00195,0.06238,0.7
7,48,hybrid,HYBRID_ALPHA0.6_BETA0.4,0.6,0.4,300,1.01611,0.77857,0.03437,1.79518,1.04864,0.0963,0.03279,0.00203,0.0536,0.71667
7,48,hybrid,HYBRID_ALPHA0.7_BETA0.3,0.7,0.3,300,1.0082,0.77686,0.03378,1.77024,1.03662,0.08756,0.03232,0.00209,0.04443,0.63333
7,48,hybrid,HYBRID_ALPHA0.8_BETA0.2,0.8,0.2,300,1.00216,0.77533,0.03349,1.76604,1.02947,0.08122,0.0337,0.00213,0.03465,0.71667
7,48,hybrid,HYBRID_ALPHA0.9_BETA0.1,0.9,0.1,300,0.99638,0.77414,0.03333,1.75192,1.02319,0.07636,0.03569,0.00218,0.03087,0.68333
7,48,hybrid,HYBRID_ALPHA0.1_BETA0.9,0.1,0.9,500,2.08909,0.98705,0.02477,3.2207,1.26382,0.04493,0.09644,0.00264,0.00623,0.62
7,48,hybrid,HYBRID_ALPHA0.2_BETA0.8,0.2,0.8,500,2.06855,0.98038,0.02157,3.08862,1.2331,0.04244,0.09836,0.00265,0.00596,0.65
7,48,hybrid,HYBRID_ALPHA0.3_BETA0.7,0.3,0.7,500,1.98848,0.97617,0.02064,2.94701,1.20056,0.04164,0.09939,0.00271,0.00588,0.65
7,48,hybrid,HYBRID_ALPHA0.4_BETA0.6,0.4,0.6,500,1.79404,0.96181,0.02108,2.93399,1.19524,0.03988,0.10914,0.00287,0.00612,0.65
7,48,hybrid,HYBRID_ALPHA0.5_BETA0.5,0.5,0.5,500,1.62447,0.94539,0.02229,2.95492,1.18883,0.03691,0.11396,0.00305,0.00608,0.64
7,48,hybrid,HYBRID_ALPHA0.6_BETA0.4,0.6,0.4,500,1.68903,0.95842,0.02174,3.16249,1.19388,0.03594,0.11451,0.0031,0.00604,0.67
7,48,hybrid,HYBRID_ALPHA0.7_BETA0.3,0.7,0.3,500,1.68555,0.95991,0.01955,3.11036,1.1718,0.03728,0.11131,0.003,0.00595,0.61
7,48,hybrid,HYBRID_ALPHA0.8_BETA0.2,0.8,0.2,500,1.67686,0.96163,0.02069,2.93834,1.15127,0.03833,0.11148,0.00303,0.00611,0.65
7,48,hybrid,HYBRID_ALPHA0.9_BETA0.1,0.9,0.1,500,1.66798,0.96368,0.0216,2.75309,1.13196,0.04398,0.11296,0.00309,0.00618,0.65
7,48,mse,MSE,1.0,0.0,100,1.65467,0.99291,0.1312,2.09639,1.13798,0.05007,0.09035,0.00242,0.03997,0.7
7,48,mse,MSE,1.0,0.0,300,0.99342,0.7737,0.03364,1.74779,1.02135,0.07415,0.03906,0.00224,0.02585,0.65
7,48,mse,MSE,1.0,0.0,500,1.66634,0.96537,0.02221,2.90881,1.14184,0.0572,0.11427,0.00314,0.00626,0.65
8,49,hsic,HSIC,0.0,1.0,100,2.35009,1.17434,0.29765,6.64869,1.7277,0.06211,0.22854,0.00414,0.05776,0.7
8,49,hsic,HSIC,0.0,1.0,300,2.01474,1.15532,0.02125,5.68671,1.63609,0.18888,0.38871,0.00537,0.06054,0.63333
8,49,hsic,HSIC,0.0,1.0,500,1.99721,1.12087,0.16855,4.92747,1.60657,0.14289,0.3062,0.00249,0.03504,0.68
8,49,hybrid,HYBRID_ALPHA0.1_BETA0.9,0.1,0.9,100,2.34807,1.17404,0.29767,3.59629,1.40446,0.06362,0.17256,0.00382,0.04687,0.6
8,49,hybrid,HYBRID_ALPHA0.2_BETA0.8,0.2,0.8,100,1.61647,0.9856,0.18977,2.48395,1.24079,0.04497,0.14588,0.00332,0.04269,0.65
8,49,hybrid,HYBRID_ALPHA0.3_BETA0.7,0.3,0.7,100,1.19926,0.85989,0.0287,2.40328,1.2187,0.03987,0.13868,0.00475,0.03663,0.6
8,49,hybrid,HYBRID_ALPHA0.4_BETA0.6,0.4,0.6,100,1.20992,0.86373,0.03034,2.19445,1.13766,0.01853,0.13363,0.00456,0.03741,0.6
8,49,hybrid,HYBRID_ALPHA0.5_BETA0.5,0.5,0.5,100,1.20641,0.86393,0.03363,1.82957,1.05646,0.04469,0.14056,0.00431,0.03842,0.6
8,49,hybrid,HYBRID_ALPHA0.6_BETA0.4,0.6,0.4,100,1.21389,0.87851,0.04415,1.56991,0.99918,0.06227,0.05812,0.00466,0.03678,0.55
8,49,hybrid,HYBRID_ALPHA0.7_BETA0.3,0.7,0.3,100,1.20879,0.88199,0.04689,1.59315,1.00247,0.06149,0.05696,0.0047,0.03785,0.55
8,49,hybrid,HYBRID_ALPHA0.8_BETA0.2,0.8,0.2,100,1.19466,0.88488,0.0448,1.5983,0.99135,0.06728,0.06722,0.00489,0.03728,0.65
8,49,hybrid,HYBRID_ALPHA0.9_BETA0.1,0.9,0.1,100,1.19377,0.8871,0.04257,1.55709,0.9858,0.04072,0.05482,0.00412,0.03851,0.5
8,49,hybrid,HYBRID_ALPHA0.1_BETA0.9,0.1,0.9,300,0.75654,0.67955,0.01268,2.08736,1.15738,0.05199,0.05148,0.00147,0.01062,0.55
8,49,hybrid,HYBRID_ALPHA0.2_BETA0.8,0.2,0.8,300,0.75192,0.67648,0.01268,1.78712,1.04435,0.05081,0.03745,0.0011,0.01058,0.58333
8,49,hybrid,HYBRID_ALPHA0.3_BETA0.7,0.3,0.7,300,0.75081,0.67319,0.01489,1.71059,1.01649,0.04976,0.03709,0.00098,0.01019,0.56667
8,49,hybrid,HYBRID_ALPHA0.4_BETA0.6,0.4,0.6,300,0.7483,0.67067,0.01537,1.65869,0.99867,0.04958,0.03702,0.0009,0.01051,0.6
8,49,hybrid,HYBRID_ALPHA0.5_BETA0.5,0.5,0.5,300,0.75731,0.67599,0.01486,1.60699,0.98529,0.04977,0.034,0.00072,0.01007,0.61667
8,49,hybrid,HYBRID_ALPHA0.6_BETA0.4,0.6,0.4,300,0.76818,0.68148,0.01433,1.5638,0.9738,0.04972,0.03242,0.00068,0.00982,0.61667
8,49,hybrid,HYBRID_ALPHA0.7_BETA0.3,0.7,0.3,300,0.77672,0.68283,0.01379,1.53293,0.96616,0.05024,0.03097,0.00064,0.00945,0.63333
8,49,hybrid,HYBRID_ALPHA0.8_BETA0.2,0.8,0.2,300,0.74938,0.67002,0.01548,1.50484,0.95792,0.0509,0.02997,0.00055,0.00899,0.63333
8,49,hybrid,HYBRID_ALPHA0.9_BETA0.1,0.9,0.1,300,0.75593,0.67391,0.01563,1.49195,0.95209,0.04967,0.02949,0.00052,0.00924,0.61667
8,49,hybrid,HYBRID_ALPHA0.1_BETA0.9,0.1,0.9,500,1.1635,0.86568,0.04298,4.31017,1.53774,0.14379,0.2895,0.00272,0.02537,0.62
8,49,hybrid,HYBRID_ALPHA0.2_BETA0.8,0.2,0.8,500,1.15857,0.86695,0.04223,1.11466,0.84244,0.00936,0.02588,0.00076,0.00458,0.62
8,49,hybrid,HYBRID_ALPHA0.3_BETA0.7,0.3,0.7,500,1.16813,0.87044,0.04589,1.13804,0.85201,0.01196,0.02751,0.00065,0.00505,0.63
8,49,hybrid,HYBRID_ALPHA0.4_BETA0.6,0.4,0.6,500,1.12965,0.85817,0.03581,1.23343,0.88143,0.01106,0.03536,0.00085,0.00496,0.6
8,49,hybrid,HYBRID_ALPHA0.5_BETA0.5,0.5,0.5,500,1.11963,0.85383,0.03408,1.23685,0.88244,0.01032,0.03864,0.00087,0.00529,0.55
8,49,hybrid,HYBRID_ALPHA0.6_BETA0.4,0.6,0.4,500,1.11971,0.8526,0.03223,1.21548,0.8774,0.0096,0.03693,0.00089,0.00504,0.51
8,49,hybrid,HYBRID_ALPHA0.7_BETA0.3,0.7,0.3,500,1.11504,0.85014,0.0326,1.2202,0.88041,0.01051,0.0384,0.00093,0.00538,0.59
8,49,hybrid,HYBRID_ALPHA0.8_BETA0.2,0.8,0.2,500,1.11354,0.84932,0.03308,1.22637,0.8838,0.01178,0.03972,0.00096,0.00572,0.54
8,49,hybrid,HYBRID_ALPHA0.9_BETA0.1,0.9,0.1,500,1.1198,0.85117,0.03428,1.21716,0.88267,0.01271,0.03821,0.00097,0.00553,0.58
8,49,mse,MSE,1.0,0.0,100,1.21096,0.88673,0.04152,1.57789,0.99077,0.03732,0.04645,0.004,0.04216,0.6
8,49,mse,MSE,1.0,0.0,300,0.76277,0.67749,0.01553,1.47955,0.94526,0.04861,0.02962,0.00055,0.00928,0.68333
8,49,mse,MSE,1.0,0.0,500,1.1194,0.85218,0.03131,1.21772,0.88403,0.01515,0.03797,0.00098,0.00534,0.58
9,50,hsic,HSIC,0.0,1.0,100,11.86717,1.63863,0.20561,15.25691,1.911,0.12958,0.17997,0.00498,0.05931,0.55
9,50,hsic,HSIC,0.0,1.0,300,2.13751,1.14112,0.02709,6.36403,1.63192,0.20224,0.3319,0.00457,0.04403,0.58333
9,50,hsic,HSIC,0.0,1.0,500,1.83482,1.0023,0.05087,7.48262,1.63664,0.16544,0.31063,0.00353,0.03108,0.66
9,50,hybrid,HYBRID_ALPHA0.1_BETA0.9,0.1,0.9,100,2.50053,1.16626,0.18765,1.75069,1.03621,0.13826,0.07001,0.00449,0.07736,0.55
9,50,hybrid,HYBRID_ALPHA0.2_BETA0.8,0.2,0.8,100,8.17279,1.34427,0.14762,1.64007,1.01491,0.08382,0.04698,0.00393,0.09551,0.55
9,50,hybrid,HYBRID_ALPHA0.3_BETA0.7,0.3,0.7,100,10.60402,1.42702,0.15131,2.09616,1.11316,0.06094,0.08218,0.00549,0.0948,0.5
9,50,hybrid,HYBRID_ALPHA0.4_BETA0.6,0.4,0.6,100,11.40365,1.46564,0.16036,2.52969,1.1592,0.08923,0.06945,0.00591,0.09375,0.5
9,50,hybrid,HYBRID_ALPHA0.5_BETA0.5,0.5,0.5,100,8.42092,1.3873,0.18458,3.07095,1.18158,0.08266,0.07248,0.00565,0.08631,0.55
9,50,hybrid,HYBRID_ALPHA0.6_BETA0.4,0.6,0.4,100,10.63691,1.46012,0.18333,3.5663,1.2153,0.08291,0.07803,0.00627,0.10454,0.55
9,50,hybrid,HYBRID_ALPHA0.7_BETA0.3,0.7,0.3,100,10.12937,1.45403,0.19711,3.96658,1.23695,0.0801,0.06698,0.00674,0.10416,0.55
9,50,hybrid,HYBRID_ALPHA0.8_BETA0.2,0.8,0.2,100,10.32692,1.46542,0.21583,4.0202,1.2346,0.09025,0.06813,0.0066,0.10291,0.55
9,50,hybrid,HYBRID_ALPHA0.9_BETA0.1,0.9,0.1,100,9.97156,1.45926,0.22433,4.55453,1.24999,0.07218,0.08229,0.00617,0.10517,0.6
9,50,hybrid,HYBRID_ALPHA0.1_BETA0.9,0.1,0.9,300,1.28794,0.88058,0.02487,1.73487,1.00854,0.04429,0.0602,0.00155,0.0067,0.53333
9,50,hybrid,HYBRID_ALPHA0.2_BETA0.8,0.2,0.8,300,1.22945,0.87418,0.02419,1.41366,0.9776,0.04602,0.06337,0.00154,0.00695,0.55
9,50,hybrid,HYBRID_ALPHA0.3_BETA0.7,0.3,0.7,300,1.13324,0.84345,0.01429,1.3975,0.97189,0.04285,0.06465,0.0016,0.00756,0.5
9,50,hybrid,HYBRID_ALPHA0.4_BETA0.6,0.4,0.6,300,1.06783,0.83025,0.01448,1.39685,0.96978,0.03949,0.06427,0.00176,0.00772,0.53333
9,50,hybrid,HYBRID_ALPHA0.5_BETA0.5,0.5,0.5,300,1.05344,0.82708,0.01395,1.39805,0.96801,0.03623,0.0638,0.00202,0.00727,0.55
9,50,hybrid,HYBRID_ALPHA0.6_BETA0.4,0.6,0.4,300,1.06897,0.83772,0.0151,1.37527,0.95979,0.03367,0.05827,0.00205,0.00707,0.55
9,50,hybrid,HYBRID_ALPHA0.7_BETA0.3,0.7,0.3,300,1.08111,0.83717,0.01592,1.34649,0.94792,0.03129,0.06341,0.00221,0.0073,0.55
9,50,hybrid,HYBRID_ALPHA0.8_BETA0.2,0.8,0.2,300,1.0955,0.84072,0.01615,1.3496,0.94424,0.0289,0.0627,0.00208,0.0069,0.6
9,50,hybrid,HYBRID_ALPHA0.9_BETA0.1,0.9,0.1,300,1.10336,0.84145,0.01686,1.39558,0.93662,0.02215,0.05197,0.00197,0.00628,0.56667
9,50,hybrid,HYBRID_ALPHA0.1_BETA0.9,0.1,0.9,500,1.36835,0.90324,0.02467,4.18898,1.04452,0.00312,0.01572,0.00108,0.00753,0.62
9,50,hybrid,HYBRID_ALPHA0.2_BETA0.8,0.2,0.8,500,1.37433,0.90386,0.03319,4.0394,1.00243,0.00477,0.00945,0.00107,0.00858,0.6
9,50,hybrid,HYBRID_ALPHA0.3_BETA0.7,0.3,0.7,500,1.3933,0.91152,0.04231,4.06654,0.99985,0.00464,0.01,0.00107,0.00978,0.6
9,50,hybrid,HYBRID_ALPHA0.4_BETA0.6,0.4,0.6,500,1.38958,0.91003,0.03916,4.07752,1.00323,0.00498,0.01068,0.00102,0.00991,0.58
9,50,hybrid,HYBRID_ALPHA0.5_BETA0.5,0.5,0.5,500,1.3847,0.906,0.03483,4.01483,0.98683,0.00584,0.00748,0.00102,0.00962,0.59
9,50,hybrid,HYBRID_ALPHA0.6_BETA0.4,0.6,0.4,500,1.39648,0.90326,0.0315,3.98073,0.9778,0.00653,0.00707,0.00102,0.00955,0.55
9,50,hybrid,HYBRID_ALPHA0.7_BETA0.3,0.7,0.3,500,1.39484,0.899,0.02727,3.97183,0.97652,0.0076,0.00718,0.00101,0.00952,0.63
9,50,hybrid,HYBRID_ALPHA0.8_BETA0.2,0.8,0.2,500,1.403,0.89844,0.02934,3.95748,0.98115,0.00797,0.00736,0.00101,0.01001,0.57
9,50,hybrid,HYBRID_ALPHA0.9_BETA0.1,0.9,0.1,500,1.39799,0.89384,0.02391,3.9578,0.9834,0.00999,0.00657,0.00098,0.00931,0.62
9,50,mse,MSE,1.0,0.0,100,10.04451,1.48345,0.23577,4.09132,1.23671,0.07811,0.07676,0.00607,0.10302,0.6
9,50,mse,MSE,1.0,0.0,300,1.11372,0.84406,0.01816,1.4479,0.93347,0.01757,0.04693,0.00212,0.00599,0.56667
9,50,mse,MSE,1.0,0.0,500,1.39361,0.89367,0.02686,3.97717,0.98346,0.01121,0.00687,0.001,0.00983,0.58
10,51,hsic,HSIC,0.0,1.0,100,2.03563,1.08322,0.33419,6.30365,1.88847,0.42566,0.49275,0.00387,0.05741,0.65
10,51,hsic,HSIC,0.0,1.0,300,1.75037,1.0404,0.02626,8.12425,1.76398,0.13332,0.31502,0.00641,0.05988,0.6
10,51,hsic,HSIC,0.0,1.0,500,1.80593,1.03212,0.03558,10.03707,1.87753,0.19313,0.35662,0.00458,0.03092,0.69
10,51,hybrid,HYBRID_ALPHA0.1_BETA0.9,0.1,0.9,100,1.11401,0.84312,0.05469,5.48467,1.37731,0.2063,0.10953,0.00389,0.04709,0.7
10,51,hybrid,HYBRID_ALPHA0.2_BETA0.8,0.2,0.8,100,1.02899,0.79941,0.07843,2.82272,1.20488,0.17304,0.09052,0.0026,0.04591,0.65
10,51,hybrid,HYBRID_ALPHA0.3_BETA0.7,0.3,0.7,100,2.01567,0.93185,0.09943,2.64231,1.16591,0.183,0.10101,0.00394,0.04718,0.75
10,51,hybrid,HYBRID_ALPHA0.4_BETA0.6,0.4,0.6,100,1.03084,0.79441,0.09704,2.14472,1.11265,0.20403,0.1212,0.00311,0.05119,0.7
10,51,hybrid,HYBRID_ALPHA0.5_BETA0.5,0.5,0.5,100,0.92416,0.74992,0.11552,1.74417,1.04938,0.2353,0.15496,0.00245,0.05336,0.65
10,51,hybrid,HYBRID_ALPHA0.6_BETA0.4,0.6,0.4,100,0.96357,0.77207,0.08832,1.71144,1.04378,0.25198,0.19203,0.00328,0.05385,0.65
10,51,hybrid,HYBRID_ALPHA0.7_BETA0.3,0.7,0.3,100,0.9984,0.78539,0.09521,1.76434,1.05941,0.28742,0.2506,0.00289,0.05422,0.65
10,51,hybrid,HYBRID_ALPHA0.8_BETA0.2,0.8,0.2,100,1.56123,0.8987,0.12643,1.83774,1.0992,0.30147,0.27213,0.00204,0.05601,0.65
10,51,hybrid,HYBRID_ALPHA0.9_BETA0.1,0.9,0.1,100,1.36073,0.87145,0.11944,1.75841,1.07855,0.28856,0.25327,0.00159,0.05535,0.6
10,51,hybrid,HYBRID_ALPHA0.1_BETA0.9,0.1,0.9,300,1.29795,0.90467,0.02245,3.59966,1.01654,0.03717,0.03176,0.00185,0.02056,0.58333
10,51,hybrid,HYBRID_ALPHA0.2_BETA0.8,0.2,0.8,300,1.42139,0.92223,0.02255,2.44562,1.13134,0.08442,0.14627,0.00263,0.02555,0.55
10,51,hybrid,HYBRID_ALPHA0.3_BETA0.7,0.3,0.7,300,1.29402,0.91161,0.02031,2.46895,1.13618,0.08954,0.15046,0.00313,0.02446,0.51667
10,51,hybrid,HYBRID_ALPHA0.4_BETA0.6,0.4,0.6,300,1.29802,0.90962,0.01968,2.39355,1.11992,0.09202,0.15079,0.00334,0.02544,0.51667
10,51,hybrid,HYBRID_ALPHA0.5_BETA0.5,0.5,0.5,300,1.26362,0.89471,0.01927,2.30592,1.10196,0.09299,0.1483,0.00329,0.02711,0.55
10,51,hybrid,HYBRID_ALPHA0.6_BETA0.4,0.6,0.4,300,1.26129,0.89338,0.01879,2.25592,1.09025,0.09287,0.14429,0.00332,0.02714,0.51667
10,51,hybrid,HYBRID_ALPHA0.7_BETA0.3,0.7,0.3,300,1.2745,0.90358,0.01959,2.22163,1.08411,0.09285,0.14205,0.00355,0.02679,0.51667
10,51,hybrid,HYBRID_ALPHA0.8_BETA0.2,0.8,0.2,300,1.26204,0.89604,0.01879,2.21222,1.08355,0.09337,0.14212,0.00352,0.02794,0.53333
10,51,hybrid,HYBRID_ALPHA0.9_BETA0.1,0.9,0.1,300,1.27045,0.89492,0.02004,2.2113,1.08567,0.09392,0.14337,0.00356,0.0301,0.5
10,51,hybrid,HYBRID_ALPHA0.1_BETA0.9,0.1,0.9,500,1.36641,0.90437,0.03296,5.32748,1.19087,0.04156,0.05215,0.00157,0.00826,0.6
10,51,hybrid,HYBRID_ALPHA0.2_BETA0.8,0.2,0.8,500,1.36161,0.89982,0.03084,5.26391,1.1534,0.04488,0.05599,0.00147,0.00849,0.62
10,51,hybrid,HYBRID_ALPHA0.3_BETA0.7,0.3,0.7,500,1.35637,0.89734,0.02907,5.20311,1.13877,0.04362,0.05311,0.00133,0.00832,0.57
10,51,hybrid,HYBRID_ALPHA0.4_BETA0.6,0.4,0.6,500,1.3546,0.89791,0.02797,5.19243,1.13134,0.0415,0.05217,0.00132,0.00798,0.58
10,51,hybrid,HYBRID_ALPHA0.5_BETA0.5,0.5,0.5,500,1.34825,0.89762,0.02667,5.07902,1.11123,0.03529,0.04963,0.00132,0.0082,0.53
10,51,hybrid,HYBRID_ALPHA0.6_BETA0.4,0.6,0.4,500,1.34363,0.89735,0.02583,4.11699,0.96727,0.01245,0.01275,0.00112,0.00699,0.56
10,51,hybrid,HYBRID_ALPHA0.7_BETA0.3,0.7,0.3,500,1.33569,0.89661,0.0249,4.41347,0.97302,0.01253,0.01255,0.00113,0.00729,0.57
10,51,hybrid,HYBRID_ALPHA0.8_BETA0.2,0.8,0.2,500,1.32919,0.89603,0.02412,4.62223,0.97699,0.01261,0.01238,0.00114,0.00754,0.54
10,51,hybrid,HYBRID_ALPHA0.9_BETA0.1,0.9,0.1,500,1.34012,0.89784,0.02371,4.60189,0.97743,0.01282,0.01237,0.00112,0.00724,0.56
10,51,mse,MSE,1.0,0.0,100,1.39258,0.86564,0.10818,1.30157,0.91566,0.19296,0.17967,0.00157,0.04238,0.6
10,51,mse,MSE,1.0,0.0,300,1.26458,0.89412,0.01859,2.21852,1.08872,0.09437,0.14508,0.00368,0.03024,0.53333
10,51,mse,MSE,1.0,0.0,500,1.32183,0.8947,0.02285,4.60062,0.97776,0.01308,0.01227,0.00116,0.00777,0.56
